Position Title,Date,Apply,Work Model,Location,Company,Hire Time,Graduate Time,Company Industry,Company Size,Salary,Qualifications
Software Engineer Entry Level,2025-08-27,https://usaa.wd1.myworkdayjobs.com/en-US/USAAJOBSWD/job/Plano-Legacy/Software-Engineer-Entry-Level_R0111721?utm_source=Simplify&ref=Simplify,On-site,"Plano, TX",USAA,2026,2025-2026,Software Engineering,10000+,,New graduate position
"Software Engineer, Ambient AI (Summer 2026 New Grad)",2025-08-27,https://www.commure.com/careers-detail?ashby_jid=0f13b112-8d8c-4fb1-ae3d-449cc36cd89e&utm_source=Simplify&ref=Simplify,On-site,"Mountain View, CA",Commure,2026,2025-2026,Data Science,1000-10000,,New graduate position
Full Stack Engineering,2025-08-27,https://jobs.ashbyhq.com/abridge/55958eb5-109f-4e88-9793-ed2327fc753a?utm_source=Simplify&ref=Simplify,On-site,"San Francisco, CA",Abridge,2026,2025-2026,Software Engineering,1000-10000,,New graduate position
Software Engineer,2025-08-27,https://jobs.ashbyhq.com/Cape/bd280ded-4298-47de-a186-1aebd1bd94b8?utm_source=Simplify&ref=Simplify,On-site,"New York, NY Washington, DC",Cape,2026,2025-2026,Software Engineering,100-1000,,New graduate position
Software Engineer I,2025-08-27,https://jobs.ashbyhq.com/jerry.ai/3bb80177-b737-419c-8133-dd5f60a8a270?utm_source=Simplify&ref=Simplify,On-site,"San Francisco, CA Palo Alto, CA",Jerry,2026,2025-2026,Software Engineering,100-1000,,New graduate position
Software Engineer,2025-08-27,https://fmr.wd1.myworkdayjobs.com/en-US/fidelitycareers/job/Westlake-TX/XMLNAME-2026-Undergraduate---LEAP--Software-Engineer_2116586-1?utm_source=Simplify&ref=Simplify,On-site,"Westlake, TX Merrimack, NH",Fidelity,2026,2025-2026,Software Engineering,10000+,,New graduate position
Software Engineer – New Grad,2025-08-27,https://job-boards.greenhouse.io/valon/jobs/4409152006?utm_source=Simplify&ref=Simplify,On-site,SF NYC,Valon,2026,2025-2026,Software Engineering,1000-10000,,New graduate position
Software Engineer – Early Career - PhD - Infrastructure,2025-08-27,https://www.google.com/about/careers/applications/jobs/results/88714689822761670?utm_source=Simplify&ref=Simplify,Multiple Locations,"12 locations Madison, WI Seattle, WA Austin, TX LA Raleigh, NC San Bruno, CA Durham, NC Kirkland, WA NYC Sunnyvale, CA Mountain View, CA Atlanta, GA",Google,2026,2025-2026,Software Engineering,10000+,,New graduate position - Advanced degree required
Software Developer – New Grad - Market Data - Libraries & Tools,2025-08-27,https://careers-sig.icims.com/jobs/9261/job?utm_source=Simplify&ref=Simplify,On-site,"Ardmore, PA",Susquehanna International Group (SIG),2026,2025-2026,Software Engineering,100-1000,,New graduate position
Early Career Software Engineer,2025-08-27,https://jobs.ashbyhq.com/Citizen%20Health/ea388b8a-16cb-4b1b-b64f-479f0dc69764/application?utm_source=Simplify&ref=Simplify,On-site,"SF San Mateo, CA",Citizen Health,2026,2025-2026,Software Engineering,100-1000,,New graduate position
Software Development Engineer I,2025-08-27,https://fa-exvu-saasfaprod1.fa.ocs.oraclecloud.com/hcmUI/CandidateExperience/en/sites/CX_1/jobs/job/837?utm_source=Simplify&ref=Simplify,On-site,"Arlington, TX Irving, TX",GM financial,2026,2025-2026,Software Engineering,100-1000,,New graduate position
Software Engineer I,2025-08-27,https://cox.wd1.myworkdayjobs.com/Cox_External_Career_Site_1/job/Atlanta-GA/Software-Engineer-I_R202566097?utm_source=Simplify&ref=Simplify,On-site,"Atlanta, GA",Cox,2026,2025-2026,Software Engineering,100-1000,,New graduate position
Junior Software Engineer,2025-08-27,https://jobs.ashbyhq.com/empirical-security/16bd6ff1-2bd2-4f43-9108-b1ef22ad40e3?utm_source=Simplify&ref=Simplify,Remote,Remote in USA,Empirical Security,2026,2025-2026,Software Engineering,100-1000,,New graduate position
Software Developer,2025-08-27,https://careers-sig.icims.com/jobs/9716/software-developer---sprc---new-grad/job?utm_source=Simplify&ref=Simplify,On-site,"Lower Merion Township, PA",Susquehanna,2026,2025-2026,Software Engineering,100-1000,,New graduate position
Early Career Software Engineer,2025-08-27,https://jobs.ashbyhq.com/Citizen%20Health/ea388b8a-16cb-4b1b-b64f-479f0dc69764?utm_source=Simplify&ref=Simplify,Remote,"San Francisco, CA San Mateo, CA Remote",Citizen Health,2026,2025-2026,Software Engineering,100-1000,,New graduate position
Software Engineer I - Engineering - Development,2025-08-27,https://bostonscientific.eightfold.ai/careers/job/563602803706893?utm_source=Simplify&ref=Simplify,On-site,"Roseville, MN",Boston Scientific,2026,2025-2026,Software Engineering,100-1000,,New graduate position
Software Engineer – New Grad,2025-08-27,https://jobs.ashbyhq.com/harvey/163860df-ae88-437d-81da-305efa554dff/application?utm_source=Simplify&ref=Simplify,On-site,"San Francisco, CA",Harvey,2026,2025-2026,Software Engineering,100-1000,,New graduate position
Software Engineer I,2025-08-27,https://boards.greenhouse.io/embed/job_app?token=7178408&utm_source=Simplify&ref=Simplify,On-site,"Boston, MA Bellevue, WA",Chewy,2026,2025-2026,Software Engineering,100-1000,,New graduate position
2026 University Graduate - Software Engineer,2025-08-27,https://adobe.wd5.myworkdayjobs.com/external_experienced/job/New-York/XMLNAME-2026-University-Graduate---Software-Engineer_R158871?utm_source=Simplify&ref=Simplify,On-site,"San Jose, CA NYC Lehi, UT",Adobe,2026,2025-2026,Software Engineering,10000+,,New graduate position
Software Engineer – New Grad - 2026 Start,2025-08-27,https://jobs.ashbyhq.com/zip/5f28357a-c95d-485a-84f9-feff64ce9fb3/application?utm_source=Simplify&ref=Simplify,On-site,"San Francisco, CA",Zip,2026,2025-2026,Software Engineering,100-1000,,New graduate position
2025 Fulltime - Raytheon Missile Defense Sensors Software Engineer I,2025-08-27,https://globalhr.wd5.myworkdayjobs.com/rec_rtx_ext_gateway/job/MA133-Tewksbury-Ma-Bldg-3-Concord-50-Apple-Hill-Drive-Concord---Building-3-Tewksbury-MA-01876-USA/XMLNAME-2025-Fulltime---Raytheon-Missile-Defense-Sensors-Software-Engineer-I--On-site-_01788730?utm_source=Simplify&ref=Simplify,On-site,"Tewksbury, MA",RTX,2026,2025-2026,Software Engineering,100-1000,,New graduate position
Software Engineer – New Grad - 2026 Start,2025-08-27,https://jobs.ashbyhq.com/zip/ab7f23fa-a07e-4061-9400-622d56de67e4/application?utm_source=Simplify&ref=Simplify,On-site,"Toronto, ON, Canada",Zip,2026,2025-2026,Software Engineering,100-1000,,New graduate position
Associate Software Engineer,2025-08-27,https://jobs.lever.co/life/99fdfce1-f0d6-48f8-8ad8-b22b4d6561bf?utm_source=Simplify&ref=Simplify,On-site,"Edmond, OK",YouVersion,2026,2025-2026,Software Engineering,100-1000,,New graduate position
"Junior Frontend Engineer, airfocus",2025-08-27,https://job-boards.greenhouse.io/lucidsoftware/jobs/5628852004?utm_source=Simplify&ref=Simplify,On-site,"Hamburg, DE",Lucid Software,2026,2025-2026,Software Engineering,100-1000,,New graduate position
"Accessibility Engineer, IS&T",2025-08-27,https://jobs.apple.com/en-us/details/200615794-3956/accessibility-engineer-is-t-early-career?utm_source=Simplify&ref=Simplify,On-site,"Sunnyvale, CA",Apple,2026,2025-2026,Software Engineering,10000+,,New graduate position
Software Engineer,2025-08-27,https://jobs.ashbyhq.com/zip/5f28357a-c95d-485a-84f9-feff64ce9fb3?utm_source=Simplify&ref=Simplify,On-site,"San Francisco, CA",Zip,2026,2025-2026,Software Engineering,100-1000,,New graduate position
Software Engineer I,2025-08-27,https://www.smxtech.com/careers/?gh_jid=6689584003&utm_source=Simplify&ref=Simplify,On-site,"Huntsville, AL",SMX,2026,2025-2026,Software Engineering,100-1000,,New graduate position
Software Engineer – New Grad,2025-08-27,https://jobs.ashbyhq.com/harvey/fe8e594b-f2e1-453b-8a0d-e0b0bfdf745b/application?utm_source=Simplify&ref=Simplify,On-site,"San Francisco, CA",Harvey,2026,2025-2026,Software Engineering,100-1000,,New graduate position
Software Engineer,2025-08-27,https://nodalexchange.pinpointhq.com/postings/7dfa5f35-8585-4681-bad7-5f26b87bdc47?utm_source=Simplify&ref=Simplify,On-site,"Tysons Corner, VA",Nodal,2026,2025-2026,Software Engineering,100-1000,,New graduate position
Cloud Engineer Graduate,2025-08-27,https://hpe.wd5.myworkdayjobs.com/en-US/Jobsathpe/job/Spring-Texas-United-States-of-America/Cloud-Engineer-Graduate_1192968-1?utm_source=Simplify&ref=Simplify,On-site,"Spring, TX",Hewlett Packard Enterprise,2026,2025-2026,Software Engineering,100-1000,,New graduate position
Software Engineer – New Grad,2025-08-27,https://job-boards.greenhouse.io/togetherai/jobs/4835292007?utm_source=Simplify&ref=Simplify,On-site,"San Francisco, CA",Together AI,2026,2025-2026,Software Engineering,100-1000,,New graduate position
Software Engineer 1 - Linux/Python/Bash/HTML/Cypress/Pytest/Gitlab,2025-08-27,https://job-boards.greenhouse.io/captivation/jobs/4892702008?utm_source=Simplify&ref=Simplify,On-site,"Annapolis Junction, MD",Captivation,2026,2025-2026,Software Engineering,100-1000,,New graduate position
"Software Engineer, Communications Platform",2025-08-27,https://www.tesla.com/careers/search/job/247062?utm_source=Simplify&ref=Simplify,On-site,"Fremont, CA",Tesla,2026,2025-2026,Software Engineering,10000+,,New graduate position
"Software Engineer, Test & Infrastructure I",2025-08-27,https://jobs.lever.co/vailsys/aac4a828-c88d-4bc1-bf94-324e7ba4ddc9?utm_source=Simplify&ref=Simplify,On-site,"Chicago, IL",Vail,2026,2025-2026,Software Engineering,100-1000,,New graduate position
Software Engineer – New Grad,2025-08-27,https://www.ixl.com/company/jobs?gh_jid=8128544002&utm_source=Simplify&ref=Simplify,On-site,"Raleigh, NC",IXL Learning,2026,2025-2026,Software Engineering,100-1000,,New graduate position
Software Engineer – New Grad,2025-08-27,https://jobs.lever.co/nominal/cc79d7f9-93b9-4410-8435-d92d2f427215/apply?utm_source=Simplify&ref=Simplify,On-site,"New York, NY",Nominal,2026,2025-2026,Software Engineering,100-1000,,New graduate position
"Software Engineer, Language - Wearables",2025-08-27,https://www.metacareers.com/jobs/812938290909042/?utm_source=Simplify&ref=Simplify,On-site,"Menlo Park, CA New York, NY",Meta,2026,2025-2026,Software Engineering,10000+,,New graduate position
Software Engineer,2025-08-27,https://jobs.lever.co/nominal/cc79d7f9-93b9-4410-8435-d92d2f427215?utm_source=Simplify&ref=Simplify,On-site,"New York, NY Los Angeles, CA Austin, TX",Nominal,2026,2025-2026,Software Engineering,100-1000,,New graduate position
Undergrad Cloud Engineer - Full-time Intern Conversion,2025-08-27,https://careers.oracle.com/en/sites/jobsearch/job/305127?utm_source=Simplify&ref=Simplify,On-site,"Redwood City, CA",Oracle,2026,2025-2026,Software Engineering,10000+,,New graduate position position
"Software Engineer, Notifications Platform",2025-08-27,https://jobs.ashbyhq.com/whatnot/8ca77652-1248-41f4-9af1-07fc84d7f9f8?utm_source=Simplify&ref=Simplify,On-site,"San Francisco, CA Los Angeles, CA New York, NY",Whatnot,2026,2025-2026,Software Engineering,100-1000,,New graduate position
Software Engineer Graduate (Video-on-Demand Algorithm),2025-08-27,https://lifeattiktok.com/search/7538319953965287698?utm_source=Simplify&ref=Simplify,On-site,"San Jose, CA",TikTok,2026,2025-2026,Software Engineering,10000+,,New graduate position
Software Engineer in ML Systems Graduate,2025-08-27,https://joinbytedance.com/search/7265752342699837757?utm_source=Simplify&ref=Simplify,On-site,"San Jose, CA",ByteDance,2026,2025-2026,Data Science,10000+,,New graduate position
Software Engineer – New Grad - Infrastructure,2025-08-27,https://jobs.lever.co/palantir/7d75bed5-45d8-4876-840a-2d92ea79c98d/apply?utm_source=Simplify&ref=Simplify,On-site,"Palo Alto, CA",Palantir,2026,2025-2026,Software Engineering,1000-10000,,New graduate position
Software Engineer Graduate (Edge Platform),2025-08-27,https://joinbytedance.com/search/7538120693880834322?utm_source=Simplify&ref=Simplify,On-site,"San Jose, CA",ByteDance,2026,2025-2026,Software Engineering,10000+,,New graduate position
Software Engineer Graduate (Commerce Ads),2025-08-27,https://lifeattiktok.com/search/7538213896365689096?utm_source=Simplify&ref=Simplify,On-site,"San Jose, CA",TikTok,2026,2025-2026,Software Engineering,10000+,,New graduate position
Associate Software Engineer (AI-Native),2025-08-27,https://jobs.lever.co/robinpowered/5b7a72e0-480a-49b6-a4cf-78ee0c6b6ce9?utm_source=Simplify&ref=Simplify,On-site,"Boston, MA",Robin,2026,2025-2026,Software Engineering,100-1000,,New graduate position
Software Engineer - Python - Cloud,2025-08-27,https://job-boards.greenhouse.io/canonical/jobs/3257589?utm_source=Simplify&ref=Simplify,Remote,Remote in USA,Canonical,2026,2025-2026,Software Engineering,100-1000,,New graduate position
Software Engineer – Early Career - Infrastructure,2025-08-27,https://jobs.ashbyhq.com/notion/add58865-8b9f-4cf7-9720-2908ba5f4d80/application?utm_source=Simplify&ref=Simplify,On-site,"San Francisco, CA New York, NY",Notion,2026,2025-2026,Software Engineering,100-1000,,New graduate position
Software Engineer I - Workday Programmer - Report Writer - Eib,2025-08-27,https://travelers.wd5.myworkdayjobs.com/External/job/MN---St-Paul/Software-Engineer-I--Workday-Programmer----Report-Writer--EIB_R-46062?utm_source=Simplify&ref=Simplify,On-site,"Hartford, CT St Paul, MN",The Travelers Companies,2026,2025-2026,Software Engineering,100-1000,,New graduate position
Software Engineer – University Graduate,2025-08-27,https://www.citadel.com/careers/details/software-engineer-university-graduate-europe-2/?utm_source=Simplify&ref=Simplify,On-site,"London, UK",Citadel,2026,2025-2026,Software Engineering,100-1000,,New graduate position
Junior Software Engineer,2025-08-27,https://jobs.baesystems.com/global/en/job/BAE1US115338BREXTERNAL/Junior-Software-Engineer?utm_source=Simplify&ref=Simplify,On-site,"Hill AFB, UT",BAE Systems,2026,2025-2026,Software Engineering,100-1000,,New graduate position
Junior Software Developer,2025-08-27,https://apply.workable.com/qodeworld/j/5718A36818/?utm_source=Simplify&ref=Simplify,On-site,"New Jersey, NJ",qode.world,2026,2025-2026,Software Engineering,100-1000,,New graduate position
New College Grad Software Engineer - Software Engineering Development - Apps,2025-08-27,https://jobs.smartrecruiters.com/WesternDigital/744000076460273?utm_source=Simplify&ref=Simplify,On-site,"San Jose, CA",Western Digital,2026,2025-2026,Software Engineering,100-1000,,New graduate position
ITSM IT Security Engineer I,2025-08-27,https://jobs.smartrecruiters.com/prosidianconsulting/743999691983726?utm_source=Simplify&ref=Simplify,On-site,"Boulder, CO",Prosidian Consulting,2026,2025-2026,Other,100-1000,,New graduate position
Early Career Software Engineer,2025-08-27,https://boards.greenhouse.io/andurilindustries/jobs/4824369007?utm_source=Simplify&ref=Simplify,On-site,"Washington, DC",Anduril,2026,2025-2026,Software Engineering,100-1000,,New graduate position
Junior Software Engineer,2025-08-27,https://job-boards.greenhouse.io/artefact/jobs/8119158002?utm_source=Simplify&ref=Simplify,On-site,"London, UK",Artefact,2026,2025-2026,Software Engineering,100-1000,,New graduate position
Software Engineer I - AWS/Node/React/AI,2025-08-27,https://travelers.wd5.myworkdayjobs.com/External/job/GA---Atlanta/Software-Engineer-I--AWS-Node-React-AI-_R-46114?utm_source=Simplify&ref=Simplify,On-site,"Atlanta, GA",The Travelers Companies,2026,2025-2026,Software Engineering,100-1000,,New graduate position
Software Development Engineer I,2025-08-27,https://www.esri.com/careers/4829378007?gh_jid=4829378007&utm_source=Simplify&ref=Simplify,On-site,"St. Louis, MO",Esri,2026,2025-2026,Software Engineering,100-1000,,New graduate position
Junior Software Developer,2025-08-27,https://ats.rippling.com/neo-financial/jobs/a2fd15b5-5bee-483e-b28f-66980dad691b?utm_source=Simplify&ref=Simplify,On-site,"Calgary, AB, Canada",Neo Financial,2026,2025-2026,Software Engineering,100-1000,,New graduate position
Software Engineer – Early Career,2025-08-27,https://jobs.ashbyhq.com/suno/991c9785-9bd5-499a-98aa-146e8c947752/application?utm_source=Simplify&ref=Simplify,On-site,"Boston, MA New York, NY",Suno,2026,2025-2026,Software Engineering,100-1000,,New graduate position
Software Development Engineer I,2025-08-27,https://www.esri.com/careers/4829377007?gh_jid=4829377007&utm_source=Simplify&ref=Simplify,On-site,"St. Louis, MO",Esri,2026,2025-2026,Software Engineering,100-1000,,New graduate position
Software Engineer 1,2025-08-27,https://choicehotels.wd5.myworkdayjobs.com/External/job/Scottsdale-AZ---Technology--Digital-Commerce-Center/Software-Engineer-1_R20319?utm_source=Simplify&ref=Simplify,On-site,"Scottsdale, AZ",Choice Hotels,2026,2025-2026,Software Engineering,100-1000,,New graduate position
Early Career Software Engineer,2025-08-27,https://boards.greenhouse.io/andurilindustries/jobs/4824362007?utm_source=Simplify&ref=Simplify,On-site,"Boston, MA",Anduril,2026,2025-2026,Software Engineering,100-1000,,New graduate position
Software Engineer – University Graduate,2025-08-27,https://www.citadel.com/careers/details/software-engineer-university-graduate-europe/?utm_source=Simplify&ref=Simplify,On-site,"London, UK",Citadel,2026,2025-2026,Software Engineering,100-1000,,New graduate position
Entry Level Software Engineer,2025-08-27,https://careers-gdms.icims.com/jobs/67621/entry-level-software-engineer/job?utm_source=Simplify&ref=Simplify,On-site,"Pittsburgh, PA",General Dynamics Mission Systems,2026,2025-2026,Software Engineering,100-1000,,New graduate position
Early Career Software Engineer,2025-08-27,https://job-boards.greenhouse.io/andurilindustries/jobs/4824378007?gh_jid=4824378007&utm_source=Simplify&ref=Simplify,On-site,"Atlanta, GA",Anduril Industries,2026,2025-2026,Software Engineering,100-1000,,New graduate position
Software Engineer I,2025-08-27,https://kbr.wd5.myworkdayjobs.com/en-US/KBR_Careers/job/Colorado-Springs-Colorado/Software-Engineer-I_R2110482?utm_source=Simplify&ref=Simplify,On-site,"Colorado Springs, CO",KBR,2026,2025-2026,Software Engineering,100-1000,,New graduate position
Software Engineer Graduate (Recommendation Platform) - 2026 Start (BS/MS),2025-08-27,https://lifeattiktok.com/search/7536356589390301458?utm_source=Simplify&ref=Simplify,On-site,"San Jose, CA",TikTok,2026,2025-2026,Software Engineering,10000+,,New graduate position
Software Engineer Graduate (Dev Infra) - 2026 Start (BS/MS),2025-08-27,https://joinbytedance.com/search/7536272435440716040?utm_source=Simplify&ref=Simplify,On-site,"San Jose, CA",ByteDance,2026,2025-2026,Software Engineering,10000+,,New graduate position
Hiring Entry Level Software Engineer,2025-08-27,https://jobs.smartrecruiters.com/AGTechnologies1/112718194?utm_source=Simplify&ref=Simplify,On-site,"Chesterfield, MO",AG Technologies,2026,2025-2026,Software Engineering,100-1000,,New graduate position
Software Engineer 1,2025-08-27,https://fa-ewmy-saasfaprod1.fa.ocs.oraclecloud.com/hcmUI/CandidateExperience/en/sites/CX_1/jobs/job/2091?utm_source=Simplify&ref=Simplify,On-site,"Holmdel, NJ",Verisk,2026,2025-2026,Software Engineering,100-1000,,New graduate position
Software Engineer I (ALDP),2025-08-27,https://peak6group.wd1.myworkdayjobs.com/en-US/apexfintechsolutions/job/Austin-TX/Software-Engineer-I--ALDP-_JR103414-1?utm_source=Simplify&ref=Simplify,On-site,"Austin, TX",Apex,2026,2025-2026,Software Engineering,100-1000,,New graduate position
Junior Software Engineer,2025-08-27,https://job-boards.greenhouse.io/foliahealth/jobs/4013590009?utm_source=Simplify&ref=Simplify,On-site,"Boston, MA",Folia Health,2026,2025-2026,Software Engineering,100-1000,,New graduate position
Software Developer - Entry Level,2025-08-27,https://careers-sev1tech.icims.com/jobs/9092/software-developer---entry-level/job?utm_source=Simplify&ref=Simplify,On-site,"Fort Sill, OK",Sev1Tech,2026,2025-2026,Software Engineering,100-1000,,New graduate position
Associate Software Engineer,2025-08-27,https://veteransunited.wd1.myworkdayjobs.com/en-US/vuhl/job/Remote-MO/Associate-Software-Engineer_R5288?utm_source=Simplify&ref=Simplify,Remote,"Remote, MO",Veterans United Home Loans,2026,2025-2026,Software Engineering,100-1000,,New graduate position
Entry Level Software Engineer,2025-08-27,https://jobs.ashbyhq.com/brm.ai/05cad7f7-2194-480d-8e70-7338cfd2a189?utm_source=Simplify&ref=Simplify,On-site,"San Francisco, CA",BRM,2026,2025-2026,Software Engineering,100-1000,,New graduate position
C++ Software Engineer,2025-08-27,https://www.citadelsecurities.com/careers/details/c-software-engineer-4/?utm_source=Simplify&ref=Simplify,On-site,"Miami, FL London, UK",Citadel Securities,2026,2025-2026,Software Engineering,100-1000,,New graduate position
Software Engineer - Spend Growth,2025-08-27,https://ats.rippling.com/en-CA/rippling/jobs/393b2982-14b0-4715-b6ea-a83353e95e12?utm_source=Simplify&ref=Simplify,On-site,"New York, NY",Rippling,2026,2025-2026,Software Engineering,100-1000,,New graduate position
Software Engineer,2025-08-27,https://jobs.ashbyhq.com/suno/991c9785-9bd5-499a-98aa-146e8c947752?utm_source=Simplify&ref=Simplify,On-site,"Boston, MA New York, NY",Suno,2026,2025-2026,Software Engineering,100-1000,,New graduate position
Software Engineer I - Aldp,2025-08-27,https://peak6group.wd1.myworkdayjobs.com/apexfintechsolutions/job/Austin-TX/Software-Engineer-I--ALDP-_JR103414-1?utm_source=Simplify&ref=Simplify,On-site,"Austin, TX",Apex Fintech Solutions,2026,2025-2026,Software Engineering,100-1000,,New graduate position
Hiring Entry Level Software Engineer,2025-08-27,https://jobs.smartrecruiters.com/AGTechnologies1/743999655719751?utm_source=Simplify&ref=Simplify,On-site,"San Francisco, CA",AG Technologies,2026,2025-2026,Software Engineering,100-1000,,New graduate position
Software Engineer,2025-08-27,https://job-boards.greenhouse.io/appliedintuition/jobs/4592025005?gh_jid=4592025005&utm_source=Simplify&ref=Simplify,On-site,"Mountain View, CA",Applied Intuition,2026,2025-2026,Software Engineering,100-1000,,New graduate position
Entry Level Software Engineer,2025-08-27,https://jobs.smartrecruiters.com/AGTechnologies1/100730616?utm_source=Simplify&ref=Simplify,On-site,"Chesterfield, MO",AG Technologies,2026,2025-2026,Software Engineering,100-1000,,New graduate position
Software Engineer - New Grad,2025-08-27,https://job-boards.greenhouse.io/appliedintuition/jobs/4592025005?utm_source=Simplify&ref=Simplify,On-site,"Mountain View, CA",Applied Intuition,2026,2025-2026,Software Engineering,100-1000,,New graduate position
Early Career Software Engineer,2025-08-27,https://boards.greenhouse.io/andurilindustries/jobs/4824364007?utm_source=Simplify&ref=Simplify,On-site,"Seattle, WA",Anduril Industries,2026,2025-2026,Software Engineering,100-1000,,New graduate position
Hiring Entry Level Software Engineer,2025-08-27,https://jobs.smartrecruiters.com/AGTechnologies1/743999655794970?utm_source=Simplify&ref=Simplify,On-site,"San Jose, CA",AG Technologies,2026,2025-2026,Software Engineering,100-1000,,New graduate position
ITSM IT Security Engineer I,2025-08-27,https://jobs.smartrecruiters.com/prosidianconsulting/743999691677974?utm_source=Simplify&ref=Simplify,On-site,"Washington, DC",Prosidian Consulting,2026,2025-2026,Other,100-1000,,New graduate position
Junior Software Engineer,2025-08-27,https://remodelhealth.com/resources/job/?gh_jid=4880033008&utm_source=Simplify&ref=Simplify,On-site,"Indianapolis, IN",Remodel Health,2026,2025-2026,Software Engineering,100-1000,,New graduate position
"Software Engineer, Connected Warfare",2025-08-27,https://job-boards.greenhouse.io/andurilindustries/jobs/4776690007?gh_jid=4776690007&gh_src=&utm_source=Simplify&ref=Simplify,On-site,"Costa Mesa, CA",Anduril Industries,2026,2025-2026,Software Engineering,100-1000,,New graduate position
Hiring Entry Level Software Engineer,2025-08-27,https://jobs.smartrecruiters.com/AGTechnologies1/743999652483007?utm_source=Simplify&ref=Simplify,On-site,"San Diego, CA",AG Technologies,2026,2025-2026,Software Engineering,100-1000,,New graduate position
Returning New Grad Software Engineer I,2025-08-27,https://hntb.wd5.myworkdayjobs.com/HNTB_Careers/job/Kansas-City-MO/Returning-New-Grad-Software-Engineer-I--Great-Lakes-Division--For-Current-Former-HNTB-Interns-Only_R-26770-1?utm_source=Simplify&ref=Simplify,On-site,"Chicago, IL Kansas City, MO Overland Park, KS",HNTB,2026,2025-2026,Software Engineering,100-1000,,New graduate position
Hiring Entry Level Software Engineer,2025-08-27,https://jobs.smartrecruiters.com/AGTechnologies1/108734797?utm_source=Simplify&ref=Simplify,On-site,"Dallas, TX",AG Technologies,2026,2025-2026,Software Engineering,100-1000,,New graduate position
"Software Engineering, Associate",2025-08-27,https://careers-peraton.icims.com/jobs/158789/software-engineering%2c-associate/job?utm_source=Simplify&ref=Simplify,On-site,"Herndon, VA",Peraton,2026,2025-2026,Software Engineering,100-1000,,New graduate position
Software Engineer – New Grad - Distributed Data Systems - 2025 Start,2025-08-27,https://boards.greenhouse.io/embed/job_app?token=6865704002&utm_source=Simplify&ref=Simplify,On-site,"Bellevue, WA Mountain View, CA",Databricks,2026,2025-2026,Software Engineering,100-1000,,New graduate position
Software Engineer Graduate Social - 2026 Start,2025-08-27,https://lifeattiktok.com/search/7532626482364909842?spread=5MWH5CQ&utm_source=Simplify&ref=Simplify,On-site,"Los Angeles, CA",TikTok,2026,2025-2026,Software Engineering,10000+,,New graduate position
Software Developer,2025-08-27,https://job-boards.greenhouse.io/cooksys/jobs/4872299008?utm_source=Simplify&ref=Simplify,On-site,"Nashville, TN",Cook Systems,2026,2025-2026,Software Engineering,100-1000,,New graduate position
Software Engineer I,2025-08-27,https://job-boards.greenhouse.io/pingidentity/jobs/8084784002?utm_source=Simplify&ref=Simplify,On-site,"Denver, CO",Ping Identity,2026,2025-2026,Software Engineering,100-1000,,New graduate position
Undergrad Software Engineer,2025-08-27,https://careers.oracle.com/en/sites/jobsearch/job/304100?utm_source=Simplify&ref=Simplify,On-site,"Seattle, WA",Oracle,2026,2025-2026,Software Engineering,10000+,,New graduate position
Forward Deployed Software Engineer I,2025-08-27,https://maxar.wd1.myworkdayjobs.com/en-US/Maxar/job/Herndon-VA/Forward-Deployed-Software-Engineer-I_R22647-1?utm_source=Simplify&ref=Simplify,On-site,"Herndon, VA",Maxar,2026,2025-2026,Software Engineering,100-1000,,New graduate position
Entry Level Full-Stack Software Engineer,2025-08-27,https://careers-i3-corps.icims.com/jobs/4833/job?utm_source=Simplify&ref=Simplify,On-site,"Huntsville, AL",i3,2026,2025-2026,Software Engineering,100-1000,,New graduate position
Software Engineer – Early Career,2025-08-27,https://careers.roblox.com/jobs/7114754?gh_jid=7114754&utm_source=Simplify&ref=Simplify,On-site,"San Mateo, CA",Roblox,2026,2025-2026,Software Engineering,100-1000,,New graduate position
Software Developer,2025-08-27,https://job-boards.greenhouse.io/fiveringsllc/jobs/4816999008?utm_source=Simplify&ref=Simplify,On-site,"New York, NY",Five Rings,2026,2025-2026,Software Engineering,100-1000,,New graduate position
Full-Stack Software Engineer,2025-08-27,https://careers-i3-corps.icims.com/jobs/4833/entry-level-full-stack-software-engineer/job?utm_source=Simplify&ref=Simplify,On-site,"Hunstville, AL",i3,2026,2025-2026,Software Engineering,100-1000,,New graduate position
Software Engineer – New Graduate,2025-08-27,http://jobs.ashbyhq.com/bree/a337beb6-37a1-45f8-b650-602937a9adab/application?utm_source=Simplify&ref=Simplify,On-site,"Toronto, ON, Canada",Bree,2026,2025-2026,Software Engineering,100-1000,,New graduate position
Entry Level Software Engineer,2025-08-27,https://jobs.ashbyhq.com/brm.ai/05cad7f7-2194-480d-8e70-7338cfd2a189/application?utm_source=Simplify&ref=Simplify,On-site,"San Francisco, CA",BRM,2026,2025-2026,Software Engineering,100-1000,,New graduate position
Junior Software Developer - Modeling & Simulation,2025-08-27,https://simisinc.applytojob.com/apply/ViiE78Quow/Junior-Software-Developer-Modeling-Simulation?utm_source=Simplify&ref=Simplify,On-site,"Suffolk, VA",SimIS,2026,2025-2026,Software Engineering,100-1000,,New graduate position
Software Engineer - Frontend,2025-08-27,https://jobs.ashbyhq.com/ramp/a1229aec-1105-4c47-8533-b912e732ed89?utm_source=Simplify&ref=Simplify,On-site,"New York, NY",Ramp,2026,2025-2026,Software Engineering,100-1000,,New graduate position
Backend Software Engineer (Customer Service Platform) - 2026 Start (BS/MS),2025-08-27,https://jobs.bytedance.com/en/position/7527836662400026898/detail?utm_source=Simplify&ref=Simplify,On-site,"Seattle, WA",ByteDance,2026,2025-2026,Software Engineering,10000+,,New graduate position
"Software Engineer, Short Video - 2026 Start (BS/MS)",2025-08-27,https://lifeattiktok.com/search/7532629935644002578?utm_source=Simplify&ref=Simplify,On-site,"Los Angeles, CA",TikTok,2026,2025-2026,Software Engineering,10000+,,New graduate position
Associate Software Developer,2025-08-27,https://www.metrostar.com/job-post/?gh_jid=6667276003&utm_source=Simplify&ref=Simplify,On-site,"Reston, VA",MetroStar,2026,2025-2026,Software Engineering,100-1000,,New graduate position
Software Engineer,2025-08-27,https://jpmc.fa.oraclecloud.com/hcmUI/CandidateExperience/en/sites/CX_1001/job/210649942?utm_source=Simplify&ref=Simplify,Multiple Locations,"10 locations Wilmington, DE Austin, TX Chicago, IL Columbus, OH Houston, TX Jersey City, NJ New York, NY Palo Alto, CA Plano, TX Tampa, FL",JPMorganChase,2026,2025-2026,Software Engineering,10000+,,New graduate position
New Grad 2026: Software Engineer/Mobile Engineer Graduate (Monetization Technology - Ads Core Demonstration),2025-08-27,https://lifeattiktok.com/search/7532436539684702471?utm_source=Simplify&ref=Simplify,On-site,"San Jose, CA",TikTok,2026,2025-2026,Software Engineering,10000+,,New graduate position
Software Engineer – New Grad,2025-08-27,https://jobs.ashbyhq.com/sentry/143811c1-ec03-458b-9edf-32f002c818f0/application?utm_source=Simplify&ref=Simplify,On-site,"Toronto, ON, Canada",Sentry,2026,2025-2026,Software Engineering,100-1000,,New graduate position
Software Engineer – New Grad - Production Infrastructure,2025-08-27,https://jobs.lever.co/palantir/3f4dd595-2f57-4b5f-a50a-8d3084641ef8/apply?utm_source=Simplify&ref=Simplify,On-site,"London, UK",Palantir,2026,2025-2026,Software Engineering,1000-10000,,New graduate position
Software Engineer I - Guidewire,2025-08-27,https://travelers.wd5.myworkdayjobs.com/External/job/GA---Atlanta/Software-Engineer-I--Guidewire-_R-42652?utm_source=Simplify&ref=Simplify,On-site,"Atlanta, GA",The Travelers Companies,2026,2025-2026,Software Engineering,100-1000,,New graduate position
Full Stack Software Engineer 1,2025-08-27,https://wd1.myworkdaysite.com/recruiting/imeg/Imeg_Careers/job/Las-Vegas-NV/Full-Stack-Software-Engineer-1--Remote-_R-14878?utm_source=Simplify&ref=Simplify,Multiple Locations,"8 locations Las Vegas, NV Naperville, IL Indianapolis, IN Houston, TX LA Pasadena, CA Phoenix, AZ Davenport, IA",IMEG,2026,2025-2026,Software Engineering,100-1000,,New graduate position
Software Development Engineer I,2025-08-27,https://blueorigin.wd5.myworkdayjobs.com/en-US/BlueOrigin/job/Seattle-WA/Software-Development-Engineer-I---Early-Career-2025-University-Grad_R50741?utm_source=Simplify&ref=Simplify,Multiple Locations,"6 locations Seattle, WA Van Horn, TX Huntsville, AL Denver, CO Space Coast, FL Los Angeles, CA",Blue Origin,2026,2025-2026,Software Engineering,100-1000,,New graduate position
Technology Development Program - Software Engineering,2025-08-27,https://mtb.wd5.myworkdayjobs.com/en-US/Campus/job/XMLNAME-2026-Technology-Development-Program---Software-Engineering_R72033?utm_source=Simplify&ref=Simplify,On-site,"Buffalo, NY",M&T Bank,2026,2025-2026,Software Engineering,100-1000,,New graduate position
Software Engineer,2025-08-27,https://jobs.ashbyhq.com/unify/762e3fd4-7813-4da8-bb02-cc6050e3626a?utm_source=Simplify&ref=Simplify,On-site,"San Francisco, CA",Unify,2026,2025-2026,Software Engineering,100-1000,,New graduate position
Software Development Engineer I - Frontend & Mobile,2025-08-27,https://job-boards.greenhouse.io/twitch/jobs/8093301002?utm_source=Simplify&ref=Simplify,On-site,"San Francisco, CA",Twitch,2026,2025-2026,Software Engineering,100-1000,,New graduate position
Software Engineer – New Grad,2025-08-27,https://jobs.ashbyhq.com/maybern/d1f5828f-fba9-4e0e-bb03-e03a3f0f54e4/application?utm_source=Simplify&ref=Simplify,On-site,"New York, NY",Maybern,2026,2025-2026,Software Engineering,100-1000,,New graduate position
Entry Level Software Engineer/Software Tester,2025-08-27,https://pae.wd1.myworkdayjobs.com/en-US/amentum_careers/job/US-VA-Dahlgren/Entry-Level-Software-Engineer-Software-Tester_R0142800?utm_source=Simplify&ref=Simplify,On-site,"Fredericksburg, VA Dahlgren, VA",Amentum,2026,2025-2026,Software Engineering,100-1000,,New graduate position
Forward Deployed Software Engineer – New Grad,2025-08-27,https://jobs.ashbyhq.com/northslope-technologies/7ccd126f-b127-4526-87f1-57408919c30a/application?utm_source=Simplify&ref=Simplify,On-site,"New York, NY London, UK",Northslope Technologies,2026,2025-2026,Software Engineering,100-1000,,New graduate position
Software Engineer I,2025-08-27,https://www.coalitioninc.com/job-posting/4560712005?utm_source=Simplify&ref=Simplify,Remote,Remote in Canada,Coalition,2026,2025-2026,Software Engineering,100-1000,,New graduate position
Software Development Engineer I,2025-08-27,https://fa-exvu-saasfaprod1.fa.ocs.oraclecloud.com/hcmUI/CandidateExperience/en/sites/CX_1/jobs/job/535?utm_source=Simplify&ref=Simplify,On-site,"Arlington, TX Fort Worth, TX Irving, TX",GM financial,2026,2025-2026,Software Engineering,100-1000,,New graduate position
Junior Software Engineer,2025-08-27,https://job-boards.greenhouse.io/mthreerecruitingportal/jobs/4406180006?utm_source=Simplify&ref=Simplify,Multiple Locations,"4 locations Salt Lake, UT Houston, TX Dalla, TX New York, NY",mthree,2026,2025-2026,Software Engineering,100-1000,,New graduate position
Entry Level Software Engineer - Automated Testing,2025-08-27,https://caci.wd1.myworkdayjobs.com/External/job/US-NY-Rochester/Entry-Level-Software-Engineer--Automated-Testing-_314546-1?utm_source=Simplify&ref=Simplify,On-site,"Rochester, NY",CACI,2026,2025-2026,Software Engineering,100-1000,,New graduate position
Software Engineer – New Graduate,2025-08-27,https://jobs.ashbyhq.com/evenup/213e42cf-903d-4578-b3b5-df187780920d/application?utm_source=Simplify&ref=Simplify,On-site,"San Francisco, CA Toronto, ON",EvenUp,2026,2025-2026,Software Engineering,100-1000,,New graduate position
College Graduates - Full-Time - Junior Software Engineer,2025-08-27,https://www.oldmissioncapital.com/careers/?gh_jid=6602927003&utm_source=Simplify&ref=Simplify,On-site,"Chicago, IL",Old Mission,2026,2025-2026,Software Engineering,100-1000,,New graduate position
Software Engineer 1/2/3/Sr,2025-08-27,https://fa-essf-saasfaprod1.fa.ocs.oraclecloud.com/hcmUI/CandidateExperience/en/sites/CX_1/jobs/job/10003152?utm_source=Simplify&ref=Simplify,On-site,"Omaha, NE",Berkshire Hathaway Energy,2026,2025-2026,Software Engineering,100-1000,,New graduate position
Software Engineer – University Graduate,2025-08-27,https://www.citadelsecurities.com/careers/details/software-engineer-university-graduate-us/?utm_source=Simplify&ref=Simplify,On-site,"Miami, FL New York, NY",Citadel Securities,2026,2025-2026,Software Engineering,100-1000,,New graduate position
Software Engineer I - Hardware Test,2025-08-27,https://jobs.lever.co/shieldai/38178f1e-34c5-481d-9914-c18a2263776f/apply?utm_source=Simplify&ref=Simplify,On-site,"Dallas, TX",Shield AI,2026,2025-2026,Hardware Engineering,100-1000,,New graduate position
Forward-Deployed Test Engineer,2025-08-27,https://jobs.lever.co/ranger/38ef5184-0c8a-4980-836f-95e23e83ae7d?utm_source=Simplify&ref=Simplify,On-site,"San Francisco, CA",Ranger,2026,2025-2026,Hardware Engineering,100-1000,,New graduate position
Software Engineer – New Grad Program,2025-08-27,https://job-boards.greenhouse.io/sigmacomputing/jobs/6640194003?utm_source=Simplify&ref=Simplify,On-site,"San Francisco, CA New York, NY",Sigma Computing,2026,2025-2026,Software Engineering,100-1000,,New graduate position
Software Engineer 1 - Corporate Applications,2025-08-27,https://fa-essf-saasfaprod1.fa.ocs.oraclecloud.com/hcmUI/CandidateExperience/en/sites/CX_1/jobs/job/10002320?utm_source=Simplify&ref=Simplify,Multiple Locations,"5 locations Salt Lake City, UT Las Vegas, NV Des Moines, IA Reno, NV Portland, OR",Berkshire Hathaway Energy,2026,2025-2026,Software Engineering,100-1000,,New graduate position
Software Engineer New Grad,2025-08-27,https://jobs.ashbyhq.com/candidhealth/f0e529c1-b8d8-4add-aaef-23b174053b8b/application?utm_source=Simplify&ref=Simplify,On-site,"San Francisco, CA New York, NY Denver, CO",Candid Health,2026,2025-2026,Software Engineering,100-1000,,New graduate position
Software Engineer – New Grad - Infrastructure,2025-08-27,https://jobs.lever.co/palantir/4abf26b4-795c-420a-bf22-1ab98db268b4/apply?utm_source=Simplify&ref=Simplify,On-site,"New York, NY",Palantir,2026,2025-2026,Software Engineering,1000-10000,,New graduate position
Software Engineer I - Ows,2025-08-27,https://job-boards.greenhouse.io/openeye/jobs/8028394002?utm_source=Simplify&ref=Simplify,On-site,"Liberty Lake, WA",OpenEye,2026,2025-2026,Software Engineering,100-1000,,New graduate position
Software Engineer – New Grad,2025-08-27,https://jobs.ashbyhq.com/sentry/90fb5dd4-410d-4672-9f40-3f11ea01c75d/application?utm_source=Simplify&ref=Simplify,On-site,"San Francisco, CA",Sentry,2026,2025-2026,Software Engineering,100-1000,,New graduate position
Junior Software Developer,2025-08-27,https://job-boards.greenhouse.io/7shifts/jobs/5563827004?utm_source=Simplify&ref=Simplify,On-site,"Saskatoon, SK",7shifts,2026,2025-2026,Software Engineering,100-1000,,New graduate position
Software Engineer – Early Career,2025-08-27,https://jobs.ashbyhq.com/numeric/75fb980e-623a-4b92-932b-4ff3ae6fc2e8/application?utm_source=Simplify&ref=Simplify,On-site,"New York, NY",Numeric,2026,2025-2026,Software Engineering,100-1000,,New graduate position
Software Engineer (Backend Rust),2025-08-27,https://jobs.ashbyhq.com/n1/99a78724-a7eb-4801-9e75-cf4465950567?utm_source=Simplify&ref=Simplify,On-site,"New York, NY",N1,2026,2025-2026,Software Engineering,100-1000,,New graduate position
Software Engineer – Early Career,2025-08-27,https://jobs.ashbyhq.com/numeric/f9c9e075-7799-414f-8601-f770c0cd9061/application?utm_source=Simplify&ref=Simplify,On-site,"San Francisco, CA New York, NY",Numeric,2026,2025-2026,Software Engineering,100-1000,,New graduate position
Software Engineer - Recent Graduate,2025-08-27,Closed,Multiple Locations,"5 locations San Jose, CA Chicago, IL Scottsdale, AZ Omaha, NE Austin, TX",PayPal,2026,2025-2026,Software Engineering,100-1000,,New graduate position
Junior Software Development Engineer - Client,2025-08-27,Closed,On-site,"Vancouver, BC, Canada",A Thinking Ape,2026,2025-2026,Software Engineering,100-1000,,New graduate position
Software Engineer I,2025-08-27,Closed,On-site,"Colorado Springs, CO",KBR,2026,2025-2026,Software Engineering,100-1000,,New graduate position
Software Engineer 1,2025-08-27,Closed,On-site,"Odenton, MD",Themis Insight,2026,2025-2026,Software Engineering,100-1000,,New graduate position
Front End Software Engineer 1,2025-08-27,Closed,On-site,"Chicago, IL Reston, VA",Comcast,2026,2025-2026,Software Engineering,100-1000,,New graduate position
Software Engineer I,2025-08-27,Closed,On-site,"Austin, TX",Visa,2026,2025-2026,Software Engineering,100-1000,,New graduate position
Systems/Software Engineer I,2025-08-27,Closed,On-site,"Fort Collins, CO",Hewlett Packard Enterprise,2026,2025-2026,Software Engineering,100-1000,,New graduate position
Junior Software Engineer,2025-08-27,Closed,On-site,"King George County, VA",Peraton,2026,2025-2026,Software Engineering,100-1000,,New graduate position
Software Engineer I - Enterprise AI for Operations - Aws - Python,2025-08-27,Closed,On-site,"Hartford, CT St Paul, MN",The Travelers Companies,2026,2025-2026,Data Science,100-1000,,New graduate position
2025 Fulltime - Raytheon Missile Defense Sensors Software Engineer I,2025-08-27,Closed,On-site,"Burlington, MA",RTX,2026,2025-2026,Software Engineering,100-1000,,New graduate position
Software Engineer I - Applications,2025-08-27,Closed,On-site,"Lowell, MA Broomfield, CO",ZOLL Medical Corporation,2026,2025-2026,Software Engineering,100-1000,,New graduate position
Systems/Software Engineer I,2025-08-27,Closed,On-site,"San Jose, CA",Hewlett Packard Enterprise,2026,2025-2026,Software Engineering,100-1000,,New graduate position
Software Engineer I - Backend - Java,2025-08-27,Closed,On-site,"Vancouver, BC, Canada",Mastercard,2026,2025-2026,Software Engineering,100-1000,,New graduate position
Software Developer – Entry Level,2025-08-27,Closed,On-site,"Maui, Hawaii",KBR,2026,2025-2026,Software Engineering,100-1000,,New graduate position
Junior Software Developer,2025-08-27,Closed,Multiple Locations,"11 locations Kansas Delaware Iowa Florida Waterbury, CT Georgia Arizona Virginia Arkansas United States Idaho",TekSynap,2026,2025-2026,Software Engineering,100-1000,,New graduate position
Associate Software Engineer I,2025-08-27,Closed,On-site,"Chattanooga, TN",BlueCross BlueShield of Tennessee,2026,2025-2026,Software Engineering,100-1000,,New graduate position
Software Engineer (University Grad),2025-08-27,Closed,Multiple Locations,"9 locations Sunnyvale, CA Bellevue, WA Menlo Park, CA Seattle, WA Burlingame, CA Washington, DC Boston, MA New York, NY San Francisco, CA",Meta,2026,2025-2026,Software Engineering,10000+,,New graduate position
Software and Electrical Systems Simulation Integration Engineer,2025-08-27,Closed,On-site,"Miami, FL New York, NY",Boeing,2026,2025-2026,Software Engineering,100-1000,,New graduate position
Software Engineering AMTS – New Grad,2025-08-27,Closed,Multiple Locations,"4 locations Palo Alto, CA Seattle, WA SF Bellevue, WA",Salesforce,2026,2025-2026,Software Engineering,10000+,,New graduate position
IT Software Engineer 1,2025-08-27,Closed,Remote,Remote in USA,DIRECTV,2026,2025-2026,Software Engineering,100-1000,,New graduate position
Junior AI-Assisted Software Engineer,2025-08-27,Closed,On-site,"South Orange, NJ",SS&C,2026,2025-2026,Software Engineering,100-1000,,New graduate position
Junior Software Developer Engineer in Test - C#,2025-08-27,Closed,On-site,"Vancouver, BC, Canada",Global Relay,2026,2025-2026,Software Engineering,100-1000,,New graduate position
Software Developer Engineer I,2025-08-27,Closed,On-site,"West Redlands, Redlands, CA",Esri,2026,2025-2026,Software Engineering,100-1000,,New graduate position
Software Engineer I,2025-08-27,Closed,On-site,"Chicago, IL",FourKites,2026,2025-2026,Software Engineering,100-1000,,New graduate position
Software Engineer I - Backend,2025-08-27,Closed,On-site,"Sunnyvale, CA",Uber,2026,2025-2026,Software Engineering,10000+,,New graduate position
Software Engineer I - Aws,2025-08-27,Closed,On-site,"Baltimore, MD",The Travelers Companies,2026,2025-2026,Software Engineering,100-1000,,New graduate position
Software Engineer I - CRM,2025-08-27,Closed,On-site,"Blaine, MN",Medtronic,2026,2025-2026,Software Engineering,100-1000,,New graduate position
Entry level Mainframe Software Development Engineer,2025-08-27,Closed,On-site,"Downers Grove, IL",Broadcom Limited,2026,2025-2026,Software Engineering,100-1000,,New graduate position
Software Engineer I,2025-08-27,Closed,On-site,"Burlington, MA",RTX,2026,2025-2026,Software Engineering,100-1000,,New graduate position
Software Engineer I - Release Platform,2025-08-27,Closed,On-site,"Chicago, IL",Zoro,2026,2025-2026,Software Engineering,100-1000,,New graduate position
Software Engineer I - 3rd Eye,2025-08-27,Closed,On-site,"Austin, TX Chattanooga, TN",Terex,2026,2025-2026,Software Engineering,100-1000,,New graduate position
Software Engineer I,2025-08-27,Closed,On-site,"Broomfield, CO",Quantinuum,2026,2025-2026,Software Engineering,100-1000,,New graduate position
Software Development Engineer I,2025-08-27,Closed,On-site,"St. Louis, MO",Esri,2026,2025-2026,Software Engineering,100-1000,,New graduate position
Junior Software Developer,2025-08-27,Closed,On-site,"West Valley City, UT",Motorola,2026,2025-2026,Software Engineering,100-1000,,New graduate position
Mainframe Software Engineer I or Above,2025-08-27,Closed,On-site,"Columbus, GA",Global Payments,2026,2025-2026,Software Engineering,100-1000,,New graduate position
Software Engineer I,2025-08-27,Closed,On-site,"Pittsburgh, PA",Aurora Innovation,2026,2025-2026,Software Engineering,100-1000,,New graduate position
Junior Software Engineer,2025-08-27,Closed,On-site,"Gaithersburg, MD",Leidos,2026,2025-2026,Software Engineering,100-1000,,New graduate position
Software Engineer I - Platforms,2025-08-27,Closed,On-site,"SF Sunnyvale, CA",Uber,2026,2025-2026,Software Engineering,10000+,,New graduate position
Software Engineer I,2025-08-27,Closed,On-site,"Bellevue, WA",Chewy,2026,2025-2026,Software Engineering,100-1000,,New graduate position
.NET/C# Software Development Engineer I - SDK,2025-08-27,Closed,On-site,"West Redlands, Redlands, CA",Esri,2026,2025-2026,Software Engineering,100-1000,,New graduate position
Software Engineer I,2025-08-27,Closed,On-site,"Richardson, TX",RTX,2026,2025-2026,Software Engineering,100-1000,,New graduate position
Software Engineer I,2025-08-27,Closed,Remote,Remote in Canada,TripAdvisor,2026,2025-2026,Software Engineering,100-1000,,New graduate position
Software Engineer I,2025-08-27,Closed,On-site,"Belfast, UK",Perforce,2026,2025-2026,Software Engineering,100-1000,,New graduate position
Entry Level Software Developer,2025-08-27,Closed,On-site,"Dahlgren, VA",Amentum,2026,2025-2026,Software Engineering,100-1000,,New graduate position
Cyber/Electronic Warfare Research Engineer I,2025-08-27,Closed,On-site,"Columbia, MD",RTX,2026,2025-2026,Data Science,100-1000,,New graduate position
Software Development Engineer I,2025-08-27,Closed,On-site,"St. Louis, MO",Esri,2026,2025-2026,Software Engineering,100-1000,,New graduate position
Junior Software Developer,2025-08-27,Closed,Remote,Remote in UK,Activate Group,2026,2025-2026,Software Engineering,100-1000,,New graduate position
Software Engineer I,2025-08-27,Closed,On-site,"Tampa, FL",Franklin St,2026,2025-2026,Software Engineering,100-1000,,New graduate position
Junior R & D Software Engineer,2025-08-27,Closed,On-site,"Palo Alto, CA",Broadcom Limited,2026,2025-2026,Software Engineering,100-1000,,New graduate position
Junior Software Engineer,2025-08-27,Closed,On-site,"Dallas, TX",mthree,2026,2025-2026,Software Engineering,100-1000,,New graduate position
Software Engineer I,2025-08-27,Closed,On-site,"Seattle, WA Bellevue, WA",Chewy,2026,2025-2026,Software Engineering,100-1000,,New graduate position
Software Engineer I - Backend Focus - Viator,2025-08-27,Closed,On-site,"London, UK Oxford, UK",TripAdvisor,2026,2025-2026,Software Engineering,100-1000,,New graduate position
Junior Information System Security Engineer - Isse,2025-08-27,Closed,On-site,"Reston, VA Columbia, MD",Clarity Innovations,2026,2025-2026,Other,100-1000,,New graduate position
Software Engineer I,2025-08-27,Closed,On-site,"Seattle, WA",Qualtrics,2026,2025-2026,Software Engineering,100-1000,,New graduate position
Software Engineer I - Foundation,2025-08-27,Closed,On-site,"Provo, UT",Qualtrics,2026,2025-2026,Software Engineering,100-1000,,New graduate position
Testing Software Engineer I,2025-08-27,Closed,On-site,"Charlotte, NC",Truist,2026,2025-2026,Software Engineering,100-1000,,New graduate position
Mthree – Junior Software Developer,2025-08-27,Closed,Multiple Locations,"Multiple Locations, UK",mthree,2026,2025-2026,Software Engineering,100-1000,,New graduate position
Engineer I - Software Developer,2025-08-27,Closed,On-site,"Reston, VA Chandler, AZ",Iridium Communications,2026,2025-2026,Software Engineering,100-1000,,New graduate position
Software Engineer I,2025-08-27,Closed,On-site,"Temple, TX",PDI Technologies,2026,2025-2026,Software Engineering,100-1000,,New graduate position
Entry Level Software Engineer - GUI Development,2025-08-27,Closed,On-site,"Rochester, NY",CACI,2026,2025-2026,Software Engineering,100-1000,,New graduate position
Software Engineer I,2025-08-27,Closed,Remote,Remote in USA,Akamai Technologies,2026,2025-2026,Software Engineering,100-1000,,New graduate position
Engineer I - Software Developer,2025-08-27,Closed,On-site,"Reston, VA Chandler, AZ",Iridium Communications,2026,2025-2026,Software Engineering,100-1000,,New graduate position
Software Engineer I,2025-08-27,Closed,On-site,"Atlanta, GA",Cox,2026,2025-2026,Software Engineering,100-1000,,New graduate position
Software Engineer I,2025-08-27,Closed,On-site,"Southern Pines, NC Reston, VA",Sierra Nevada Coporation,2026,2025-2026,Software Engineering,100-1000,,New graduate position
Entry Level Software Engineer,2025-08-27,Closed,On-site,"Edinburgh, UK",Motorola,2026,2025-2026,Software Engineering,100-1000,,New graduate position
Software Engineer I,2025-08-27,Closed,On-site,"Boston, MA Fort Lauderdale, FL",Chewy,2026,2025-2026,Software Engineering,100-1000,,New graduate position
Software Engineer – University Grad - Research Infrastructure,2025-08-27,Closed,On-site,"Burlingame, CA Redmond, WA",Meta,2026,2025-2026,Software Engineering,10000+,,New graduate position
Software Engineer I,2025-08-27,Closed,On-site,"Surrey, BC, Canada",LexisNexis Risk Solutions,2026,2025-2026,Software Engineering,100-1000,,New graduate position
Software Engineer I,2025-08-27,Closed,On-site,"Burlington, MA",State Street,2026,2025-2026,Software Engineering,100-1000,,New graduate position
Software Engineer I - Plm,2025-08-27,Closed,On-site,"Holland, MI",Gentex Corporation,2026,2025-2026,Software Engineering,100-1000,,New graduate position
Entry Level Full-Stack Software Engineer,2025-08-27,Closed,On-site,"Aurora, CO Chantilly, VA",The Boeing Company,2026,2025-2026,Software Engineering,100-1000,,New graduate position
Software Engineer – Early Career - Messaging API,2025-08-27,Closed,On-site,United States,Twilio,2026,2025-2026,Software Engineering,100-1000,,New graduate position
Software Engineer – New Grad,2025-08-27,Closed,On-site,"Princeton, NJ",Noom,2026,2025-2026,Software Engineering,100-1000,,New graduate position
Software Engineer I,2025-08-27,Closed,Remote,Remote in USA,FourKites,2026,2025-2026,Software Engineering,100-1000,,New graduate position
Eggp – Software Development Engineer I,2025-08-27,Closed,On-site,"Seattle, WA",Expedia,2026,2025-2026,Software Engineering,100-1000,,New graduate position
Software Engineer I,2025-08-27,Closed,On-site,"Draper, UT",Cox,2026,2025-2026,Software Engineering,100-1000,,New graduate position
Junior Software Developer / Développeur logiciel junior,2025-08-27,Closed,On-site,"Montreal, QC, Canada",Plusgrade,2026,2025-2026,Software Engineering,100-1000,,New graduate position
Software Engineer I - Java,2025-08-27,Closed,On-site,"Fulton, MD",RTX,2026,2025-2026,Software Engineering,100-1000,,New graduate position
Software Engineer I,2025-08-27,Closed,On-site,"Boston, MA",Chewy,2026,2025-2026,Software Engineering,100-1000,,New graduate position
Eggp – Software Development Engineer I,2025-08-27,Closed,On-site,"London, UK",Expedia Group,2026,2025-2026,Software Engineering,100-1000,,New graduate position
Software Engineer I - Authorization Platform,2025-08-27,Closed,On-site,"Seattle, WA SF Sunnyvale, CA",Uber,2026,2025-2026,Software Engineering,10000+,,New graduate position
Software Engineer I,2025-08-27,Closed,On-site,"San Antonio, TX",USAA,2026,2025-2026,Software Engineering,10000+,,New graduate position
Software Engineer I,2025-08-27,Closed,On-site,"Boston, MA",Chewy,2026,2025-2026,Software Engineering,100-1000,,New graduate position
Entry Level Software Engineer,2025-08-27,Closed,On-site,"Harrisburg, PA",WebFX,2026,2025-2026,Software Engineering,100-1000,,New graduate position
Junior Software Engineer - Ts/Sci CI Poly,2025-08-27,Closed,On-site,"Chantilly, VA",SMX,2026,2025-2026,Software Engineering,100-1000,,New graduate position
Graduate 2025 Software Engineer I,2025-08-27,Closed,On-site,"Toronto, ON, Canada",Uber,2026,2025-2026,Software Engineering,10000+,,New graduate position
Software Engineer – New Grad,2025-08-27,Closed,On-site,"Toronto, ON, Canada",Sentry,2026,2025-2026,Software Engineering,100-1000,,New graduate position
Software Engineer I - Research Methodologies,2025-08-27,Closed,On-site,"Seattle, WA",Qualtrics,2026,2025-2026,Software Engineering,100-1000,,New graduate position
Software Engineer – New Grad,2025-08-27,Closed,On-site,"San Francisco, CA",Collective Hub,2026,2025-2026,Software Engineering,100-1000,,New graduate position
Software Engineer I,2025-08-27,Closed,On-site,"Dallas, TX",Blue Yonder,2026,2025-2026,Software Engineering,100-1000,,New graduate position
Software Engineer I,2025-08-27,Closed,On-site,"Bethesda, MD",Aledade,2026,2025-2026,Software Engineering,100-1000,,New graduate position
Early in Career Windows Software Engineer - C++ - C#,2025-08-27,Closed,On-site,"Phoenix, AZ",Rockwell Automation,2026,2025-2026,Software Engineering,100-1000,,New graduate position
Software Engineer I,2025-08-27,Closed,On-site,"London, UK",Mastercard,2026,2025-2026,Software Engineering,100-1000,,New graduate position
Software engineer – New grad,2025-08-27,Closed,On-site,SF,Persona,2026,2025-2026,Software Engineering,100-1000,,New graduate position
Junior Software Developer,2025-08-27,Closed,On-site,"Toronto, ON, Canada",7shifts,2026,2025-2026,Software Engineering,100-1000,,New graduate position
Software Engineer – Early Career - Messaging API,2025-08-27,Closed,Remote,Remote in USA,Twilio,2026,2025-2026,Software Engineering,100-1000,,New graduate position
Software Engineer I,2025-08-27,Closed,On-site,NYC,Truist,2026,2025-2026,Software Engineering,100-1000,,New graduate position
Software Engineer 1,2025-08-27,Closed,On-site,"Austin, TX Huntsville, AL",Ultra Intelligence and Communications,2026,2025-2026,Software Engineering,10000+,,New graduate position
Software Engineer I (broken link),2025-08-27,Closed,On-site,NYC,Truist,2026,2025-2026,Software Engineering,100-1000,,New graduate position
Software Engineer 1 / Early Career - C++/Go/Linux/AWS-S3,2025-08-27,Closed,On-site,"Durham, NC",Nutanix,2026,2025-2026,Software Engineering,100-1000,,New graduate position
Software Engineer I - Backend - Identity Decisioning,2025-08-27,Closed,Remote,Remote in Canada,Affirm,2026,2025-2026,Software Engineering,100-1000,,New graduate position
Software Engineer – New Grad - C++,2025-08-27,Closed,On-site,"New York, NY",Tower Research Capital,2026,2025-2026,Software Engineering,1000-10000,,New graduate position
Junior Software Developer,2025-08-27,Closed,On-site,"Newcastle upon Tyne, UK",Procter & Gamble (P&G),2026,2025-2026,Software Engineering,100-1000,,New graduate position
Entry Level Software Engineer,2025-08-27,Closed,On-site,"Fredericksburg, VA Dahlgren, VA",Amentum,2026,2025-2026,Software Engineering,100-1000,,New graduate position
Software Engineer I - Factory Platform,2025-08-27,Closed,On-site,"Long Beach, CA",Relativity Space,2026,2025-2026,Software Engineering,100-1000,,New graduate position
Software Engineer I,2025-08-27,Closed,On-site,"Richardson, TX",RTX,2026,2025-2026,Software Engineering,100-1000,,New graduate position
Entry Level Full Stack AI Engineer,2025-08-27,Closed,Remote,Remote in USA Remote in Canada,Hyperproof,2026,2025-2026,Data Science,100-1000,,New graduate position
3D Software Engineer I - Scene Layers,2025-08-27,Closed,On-site,"West Redlands, Redlands, CA",Esri,2026,2025-2026,Software Engineering,100-1000,,New graduate position
C++ Software Engineer – New College Grad,2025-08-27,Closed,On-site,"Burlington, MA",Cadence Design Systems,2026,2025-2026,Software Engineering,100-1000,,New graduate position
Software Engineer I - Factory Platform,2025-08-27,Closed,On-site,"Long Beach, CA",Relativity Space,2026,2025-2026,Software Engineering,100-1000,,New graduate position
Engineer 1 - Software Dev/Eng - Full Stack,2025-08-27,Closed,On-site,"Philadelphia, PA",Comcast,2026,2025-2026,Software Engineering,100-1000,,New graduate position
Software Engineer I - Java,2025-08-27,Closed,On-site,"Fulton, MD",RTX,2026,2025-2026,Software Engineering,100-1000,,New graduate position
Software Engineer 1,2025-08-27,Closed,On-site,"Carmel, IN",Cox,2026,2025-2026,Software Engineering,100-1000,,New graduate position
Software Engineer I,2025-08-27,Closed,On-site,"Cranberry Twp, PA",Omnicell,2026,2025-2026,Software Engineering,100-1000,,New graduate position
Entry Level Software Developer,2025-08-27,Closed,On-site,"Dahlgren, VA",Amentum,2026,2025-2026,Software Engineering,100-1000,,New graduate position
Software Engineer I / Ncino Developer,2025-08-27,Closed,On-site,"Atlanta, GA",Truist,2026,2025-2026,Software Engineering,100-1000,,New graduate position
Software Engineer I - Foundation,2025-08-27,Closed,On-site,"Seattle, WA Reston, VA",Qualtrics,2026,2025-2026,Software Engineering,100-1000,,New graduate position
Software Engineer I,2025-08-27,Closed,On-site,"San Ramon, CA",Robert Half,2026,2025-2026,Software Engineering,100-1000,,New graduate position
Software Engineer I,2025-08-27,Closed,On-site,"Northridge, LA San Diego, CA",Medtronic,2026,2025-2026,Software Engineering,100-1000,,New graduate position
Software Dev Engineer I - Data Platforms,2025-08-27,Closed,On-site,"Urbana, IL",Yahoo,2026,2025-2026,Software Engineering,100-1000,,New graduate position
Junior Software Developer,2025-08-27,Closed,On-site,"Dulles, VA",CACI,2026,2025-2026,Software Engineering,100-1000,,New graduate position
Product Manager Ads Measurement Graduate (Measurement Signal and Privacy Product),2025-08-27,https://lifeattiktok.com/search/7538903496654407943?utm_source=Simplify&ref=Simplify,On-site,"San Jose, CA",TikTok,2026,2025-2026,Product Management,10000+,,New graduate position
Associate Product Manager – New Grad - 2026 Start,2025-08-27,https://boards.greenhouse.io/embed/job_app?token=7586263002&utm_source=Simplify&ref=Simplify,On-site,"San Francisco, CA Bellevue, WA Mountain View, CA",Databricks,2026,2025-2026,Product Management,100-1000,,New graduate position
Product Manager (TikTok-Product-Social and Creation) - 2025 Start (BS/MS),2025-08-27,https://lifeattiktok.com/search/7400808756194461961?utm_source=Simplify&ref=Simplify,On-site,"San Jose, CA",TikTok,2026,2025-2026,Product Management,10000+,,New graduate position
"Computer Vision & Machine Learning, Junior",2025-08-27,https://job-boards.greenhouse.io/allencontrolsystems/jobs/4685229008?utm_source=Simplify&ref=Simplify,On-site,"Austin, TX",Allen Control Systems,2026,2025-2026,Data Science,100-1000,,New graduate position
Software Developer – New Grad - Sprc,2025-08-27,https://careers-sig.icims.com/jobs/9716/job?utm_source=Simplify&ref=Simplify,On-site,"Ardmore, PA",Susquehanna International Group (SIG),2026,2025-2026,Software Engineering,100-1000,,New graduate position
Software Engineer – Early Career - PhD - AI/Machine Learning,2025-08-27,https://www.google.com/about/careers/applications/jobs/results/122258040807137990?utm_source=Simplify&ref=Simplify,Multiple Locations,"10 locations Madison, WI Seattle, WA Raleigh, NC San Bruno, CA Durham, NC Kirkland, WA NYC Sunnyvale, CA Mountain View, CA Atlanta, GA",Google,2026,2025-2026,Data Science,10000+,,New graduate position - Advanced degree required
Associate Value Engineer (Industrial Engineering & AI Applications),2025-08-27,https://job-boards.greenhouse.io/celonis/jobs/6691702003?utm_source=Simplify&ref=Simplify,On-site,"New York, NY",Celonis,2026,2025-2026,Data Science,100-1000,,New graduate position
Associate AI Developer,2025-08-27,https://jobs.lever.co/perrknight/b47e39ce-e26f-48aa-b53a-f93c87544101?utm_source=Simplify&ref=Simplify,Multiple Locations,"4 locations Charlotte, NC Boca Raton, FL Santa Monica, CA Newark, NJ",Perr & Knight,2026,2025-2026,Data Science,100-1000,,New graduate position
Machine Learning / Research Engineer,2025-08-27,https://job-boards.greenhouse.io/togetherai/jobs/4835315007?utm_source=Simplify&ref=Simplify,On-site,"San Francisco, CA",Together AI,2026,2025-2026,Data Science,100-1000,,New graduate position
Machine Learning Engineer I,2025-08-27,https://td.wd3.myworkdayjobs.com/TD_Bank_Careers/job/Toronto-Ontario/Machine-Learning-Engineer-I_R_1441131?utm_source=Simplify&ref=Simplify,On-site,"Toronto, ON, Canada",TD Bank,2026,2025-2026,Data Science,100-1000,,New graduate position
Machine Learning Engineer – Entry Level,2025-08-27,https://boards.greenhouse.io/embed/job_app?token=8133318002&utm_source=Simplify&ref=Simplify,On-site,"Plano, TX",Toyota Connected,2026,2025-2026,Data Science,100-1000,,New graduate position
Data Science Graduate,2025-08-27,https://hpe.wd5.myworkdayjobs.com/en-US/acjobsite/job/Spring-Texas-United-States-of-America/Data-Science-Graduate_1192963?utm_source=Simplify&ref=Simplify,On-site,"Spring, TX",Hewlett Packard Enterprise,2026,2025-2026,Data Science,100-1000,,New graduate position
Junior Data Engineer,2025-08-27,https://careers-cellularsales.icims.com/jobs/19001/job?utm_source=Simplify&ref=Simplify,On-site,"Knoxville, TN",Cellular Sales,2026,2025-2026,Data Science,100-1000,,New graduate position
Machine Learning Researcher,2025-08-27,https://www.citadelsecurities.com/careers/details/machine-learning-researcher-phd-graduate-us/?utm_source=Simplify&ref=Simplify,On-site,"Miami, FL New York, NY",Citadel Securities,2026,2025-2026,Data Science,100-1000,,New graduate position
Research Engineer – New Grad,2025-08-27,https://boards.greenhouse.io/appliedintuition/jobs/4489207005?utm_source=Simplify&ref=Simplify,On-site,"Mountain View, CA",Applied Intuition,2026,2025-2026,Data Science,100-1000,,New graduate position
Graduate AI Solutions Specialist,2025-08-27,https://www.housecallpro.com/careers/open-positions/?gh_jid=5620132004&utm_source=Simplify&ref=Simplify,On-site,"Denver, CO",Housecall Pro,2026,2025-2026,Data Science,100-1000,,New graduate position
Junior Data Engineer Azure,2025-08-27,https://chordenergy.wd1.myworkdayjobs.com/external/job/Houston-TX---Corporate/Junior-Data-Engineer-Azure_R0002251-1?utm_source=Simplify&ref=Simplify,On-site,"Houston, TX",Chord Energy,2026,2025-2026,Data Science,100-1000,,New graduate position
Machine Learning Engineer I - Monetization Engineering,2025-08-27,https://www.pinterestcareers.com/job-form?gh_jid=7172308&utm_source=Simplify&ref=Simplify,On-site,"Palo Alto, CA Seattle, WA San Francisco, CA",Pinterest,2026,2025-2026,Data Science,100-1000,,New graduate position
Junior Computational Linguist,2025-08-27,https://harriscomputer.wd3.myworkdayjobs.com/en-US/1/job/Virginia-United-States/Junior-Computational-Linguist_R0031051-4?utm_source=Simplify&ref=Simplify,Remote,"10 locations VA WI AZ TN MI MA MO CO NM Remote, London, UK",Harris,2026,2025-2026,Other,100-1000,,New graduate position
Machine Learning Engineer Graduate (Monetization Technology - TikTok Ads Creative & Ecosystem) - 2026 Start (BS/MS),2025-08-27,https://lifeattiktok.com/search/7535606471191824647?utm_source=Simplify&ref=Simplify,On-site,"San Jose, CA",TikTok,2026,2025-2026,Data Science,10000+,,New graduate position
Software Engineer Graduate (Applied Machine Learning - Enterprise) - 2026 Start (BS/MS),2025-08-27,https://joinbytedance.com/search/7532538236133902599?utm_source=Simplify&ref=Simplify,On-site,"San Jose, CA",ByteDance,2026,2025-2026,Data Science,10000+,,New graduate position
Machine Learning Engineer/Scientist I – Early Career 2025 University Grad,2025-08-27,https://blueorigin.wd5.myworkdayjobs.com/blueorigin/job/Seattle-WA/Machine-Learning-Engineer-Scientist-I---Early-Career-2025-University-Grad_R54164?utm_source=Simplify&ref=Simplify,On-site,"Seattle, WA Kent, WA",Blue Origin,2026,2025-2026,Data Science,100-1000,,New graduate position
Campus ML Engineer (Full-Time),2025-08-27,https://www.jumptrading.com/careers/7141620/?gh_jid=7141620&utm_source=Simplify&ref=Simplify,On-site,"Chicago, IL New York, NY",Jump Trading,2026,2025-2026,Data Science,100-1000,,New graduate position
Research Scientist - New Grad,2025-08-27,https://job-boards.greenhouse.io/appliedintuition/jobs/4489211005?utm_source=Simplify&ref=Simplify,On-site,"Mountain View, CA",Applied Intuition,2026,2025-2026,Data Science,100-1000,,New graduate position
AI/ML Research Associate,2025-08-27,https://amainc.wd12.myworkdayjobs.com/en-US/ama_careers/job/Hampton-VA/AI-ML-Research-Associate_R-100359?utm_source=Simplify&ref=Simplify,Remote,"Hampton, VA Remote",Analytical Mechanics Associates,2026,2025-2026,Data Science,100-1000,,New graduate position
Data Scientist,2025-08-27,https://www.databricks.com/company/careers/university-recruiting/data-scientist---new-grad-2026-start-6866554002?gh_jid=6866554002&utm_source=Simplify&ref=Simplify,On-site,"Mountain View, CA San Francisco, CA",Databricks,2026,2025-2026,Data Science,100-1000,,New graduate position
"Machine Learning Engineer, Model Optimization & Deployment, Optimus",2025-08-27,https://www.tesla.com/careers/search/job/247659?utm_source=Simplify&ref=Simplify,On-site,"Palo Alto, CA",Tesla,2026,2025-2026,Data Science,10000+,,New graduate position
Machine Learning Engineer - Search E-Commerce,2025-08-27,https://lifeattiktok.com/search/7534641634584185095?spread=5MWH5CQ&utm_source=Simplify&ref=Simplify,On-site,"Seattle, WA",TikTok,2026,2025-2026,Data Science,10000+,,New graduate position
"Research Scientist, Robotics Research",2025-08-27,https://nvidia.wd5.myworkdayjobs.com/en-US/NVIDIAExternalCareerSite/job/US-WA-Seattle/Research-Scientist--Robotics-Research---New-College-Grad-2025_JR2001017?utm_source=Simplify&ref=Simplify,On-site,"Seattle, WA",NVIDIA,2026,2025-2026,Data Science,10000+,,New graduate position
Machine Learning Engineer – University Graduate - E-Commerce Risk Control - Phd,2025-08-27,https://lifeattiktok.com/search/7389784303494580490?utm_source=Simplify&ref=Simplify,On-site,"Seattle, WA",TikTok,2026,2025-2026,Data Science,10000+,,New graduate position - Advanced degree required
"Research Scientist - CV/NLP/Multimodal LLM, Trust and Safety - 2026 Start (BS/MS)",2025-08-27,https://lifeattiktok.com/search/7530771170938865928?utm_source=Simplify&ref=Simplify,On-site,"Seattle, WA",TikTok,2026,2025-2026,Data Science,10000+,,New graduate position
Machine Learning Engineer,2025-08-27,https://www.qualtrics.com/careers/us/en/job/QUALUS6580294EXTERNALENUS/Machine-Learning-Engineer?utm_source=Simplify&ref=Simplify,On-site,"Seattle, WA",Qualtrics,2026,2025-2026,Data Science,100-1000,,New graduate position
New Grad 2026: Machine Learning Engineer (Commerce Ads),2025-08-27,https://lifeattiktok.com/search/7531158608336242962?utm_source=Simplify&ref=Simplify,On-site,"San Jose, CA",TikTok,2026,2025-2026,Data Science,10000+,,New graduate position
Software Engineer I - Artificial Intelligence in Underwriting,2025-08-27,https://travelers.wd5.myworkdayjobs.com/External/job/MN---St-Paul/Software-Engineer-I---Artificial-Intelligence-in-Underwriting_R-45455?utm_source=Simplify&ref=Simplify,On-site,"Hartford, CT St Paul, MN",The Travelers Companies,2026,2025-2026,Data Science,100-1000,,New graduate position
Big Data Engineer I,2025-08-27,https://job-boards.greenhouse.io/shein/jobs/4825893008?utm_source=Simplify&ref=Simplify,On-site,"San Diego, CA",SHEIN,2026,2025-2026,Data Science,100-1000,,New graduate position
Junior Data Analyst - TS/SCI Required,2025-08-27,https://careers-lmi.icims.com/jobs/12942/junior-data-analyst---ts-sci-required/job?utm_source=Simplify&ref=Simplify,On-site,"Washington, DC",LMI,2026,2025-2026,Data Science,100-1000,,New graduate position
Associate Machine Learning Engineer,2025-08-27,https://jobs.lever.co/spotify/21c24edb-f625-4895-ad23-5a6320d54813?utm_source=Simplify&ref=Simplify,On-site,"New York, NY",Spotify,2026,2025-2026,Data Science,10000+,,New graduate position
PhD New Grad - Data Scientist - Algo - Inference - Driver Incentives,2025-08-27,https://app.careerpuck.com/job-board/lyft/job/8089317002?gh_jid=8089317002&utm_source=Simplify&ref=Simplify,On-site,"Toronto, ON, Canada",Lyft,2026,2025-2026,Data Science,100-1000,,New graduate position - Advanced degree required
Machine Learning Engineer I,2025-08-27,https://www.pinterestcareers.com/job-form?gh_jid=6864992&utm_source=Simplify&ref=Simplify,Remote,"San Francisco, CA Remote in USA",Pinterest,2026,2025-2026,Data Science,100-1000,,New graduate position
Junior Data Scientist,2025-08-27,https://fa-ewmy-saasfaprod1.fa.ocs.oraclecloud.com/hcmUI/CandidateExperience/en/sites/CX_1/jobs/job/1749?utm_source=Simplify&ref=Simplify,On-site,"London, UK Norwich, UK",Verisk,2026,2025-2026,Data Science,100-1000,,New graduate position
Entry Level Data Scientist,2025-08-27,Closed,On-site,"Newport Beach, CA",Auto Club Enterprises,2026,2025-2026,Data Science,100-1000,,New graduate position
2026 University Graduate - Machine Learning Engineer,2025-08-27,Closed,Multiple Locations,"6 locations Seattle, WA SF Austin, TX San Jose, CA NYC Lehi, UT",Adobe,2026,2025-2026,Data Science,10000+,,New graduate position
2026 University Graduate - Machine Learning Engineer,2025-08-27,Closed,On-site,"Seattle, WA",Adobe,2026,2025-2026,Data Science,10000+,,New graduate position
2026 University Graduate - Machine Learning Engineer,2025-08-27,Closed,On-site,"San Francisco, CA San Jose, CA",Adobe,2026,2025-2026,Data Science,10000+,,New graduate position
Data Engineer I,2025-08-27,Closed,On-site,"Cincinnati, OH",Worldpay,2026,2025-2026,Data Science,100-1000,,New graduate position
Data Engineer I,2025-08-27,Closed,On-site,"King of Prussia, PA",PJM,2026,2025-2026,Data Science,100-1000,,New graduate position
Early Career Machine Learning Engineer,2025-08-27,Closed,On-site,"Toronto, ON, Canada",EvenUp,2026,2025-2026,Data Science,100-1000,,New graduate position
Data Engineer I,2025-08-27,Closed,On-site,"Palo Alto, CA",Machinify,2026,2025-2026,Data Science,100-1000,,New graduate position
Aftermarket Data Engineer I - Cat Digital,2025-08-27,Closed,On-site,"Chicago, IL",Caterpillar Inc.,2026,2025-2026,Data Science,10000+,,New graduate position
Data Engineer I,2025-08-27,Closed,On-site,"Seattle, WA",Expedia,2026,2025-2026,Data Science,100-1000,,New graduate position
Consumer IT - Data Engineer I,2025-08-27,Closed,On-site,"Cincinnati, OH",Fifth Third Bank,2026,2025-2026,Data Science,100-1000,,New graduate position
Data Engineer I,2025-08-27,Closed,On-site,"San Antonio, TX",USAA,2026,2025-2026,Data Science,10000+,,New graduate position
Junior Applied Research Engineer – Graduate,2025-08-27,Closed,On-site,"London, UK",Xapien,2026,2025-2026,Data Science,100-1000,,New graduate position
Machine Learning Engineer I - Generative AI,2025-08-27,Closed,On-site,"San Mateo, CA",Guidewire,2026,2025-2026,Data Science,100-1000,,New graduate position
Early Career Machine Learning Engineer,2025-08-27,Closed,On-site,"San Francisco, CA Toronto, ON",EvenUp,2026,2025-2026,Data Science,100-1000,,New graduate position
Data Engineer I,2025-08-27,Closed,On-site,"New York, NY Denver, CO",Capital Rx,2026,2025-2026,Data Science,100-1000,,New graduate position
Data Engineer I,2025-08-27,Closed,On-site,"Springdale, AR",Tyson Foods,2026,2025-2026,Data Science,100-1000,,New graduate position
Data Engineer – University Grad,2025-08-27,Closed,On-site,"London, UK",Meta,2026,2025-2026,Data Science,10000+,,New graduate position
Data Engineer I,2025-08-27,Closed,On-site,"Springdale, AR",Tyson Foods,2026,2025-2026,Data Science,100-1000,,New graduate position
Data Engineer I,2025-08-27,Closed,On-site,"Irvine, CA",Taco Bell,2026,2025-2026,Data Science,100-1000,,New graduate position
Data Engineer I - Regulatory Reporting,2025-08-27,Closed,On-site,"Cincinnati, OH",Fifth Third Bank,2026,2025-2026,Data Science,100-1000,,New graduate position
Data Engineer – Entry Level,2025-08-27,Closed,On-site,"Plano, TX",USAA,2026,2025-2026,Data Science,10000+,,New graduate position
Machine Learning Engineer I,2025-08-27,Closed,On-site,"Toronto, ON, Canada",TD Bank,2026,2025-2026,Data Science,100-1000,,New graduate position
"Associate, Quantitative Modeler",2025-08-27,https://blackrock.wd1.myworkdayjobs.com/en-US/blackrock_professional/job/New-York-NY/Associate--Quantitative-Modeler_R250300?utm_source=Simplify&ref=Simplify,On-site,"New York, NY",BlackRock,2026,2025-2026,Quantitative Finance,100-1000,,New graduate position
"PGIM Quantitative Solutions, Portfolio Management Investment Associate",2025-08-27,https://pru.wd5.myworkdayjobs.com/en-US/careers/job/Newark-NJ-USA/PGIM-Quantitative-Solutions--Portfolio-Management-Investment-Associate--Hybrid-_R-121848-1?utm_source=Simplify&ref=Simplify,On-site,"Newark, NJ",Prudential Financial,2026,2025-2026,Quantitative Finance,100-1000,,New graduate position
Quantitative Researcher – PhD Graduate,2025-08-27,https://www.citadelsecurities.com/careers/details/quantitative-researcher-phd-graduate-us/?utm_source=Simplify&ref=Simplify,On-site,"Miami, FL New York, NY",Citadel Securities,2026,2025-2026,Quantitative Finance,100-1000,,New graduate position - Advanced degree required
C++ Software Developer – Trading Strategy Execution,2025-08-27,https://ats.rippling.com/en-CA/edgehog-trading/jobs/a39cf004-d79c-4588-9a5f-6bdce04a85ee?utm_source=Simplify&ref=Simplify,On-site,"Chicago, IL",Edgehog Trading,2026,2025-2026,Quantitative Finance,100-1000,,New graduate position
Algorithm Developer (Quant Researcher) – 2026 Grads,2025-08-27,https://www.hudsonrivertrading.com/hrt-job/algorithm-developer-quant-researcher-2026-grads/?utm_source=Simplify&ref=Simplify,On-site,"New York, NY",Hudson River Trading,2026,2025-2026,Quantitative Finance,100-1000,,New graduate position
Campus Quantitative Trader (Full-Time),2025-08-27,https://www.jumptrading.com/careers/7140611/?gh_jid=7140611&utm_source=Simplify&ref=Simplify,On-site,"Chicago, IL New York, NY",Jump Trading,2026,2025-2026,Quantitative Finance,100-1000,,New graduate position
Quantitative Researcher,2025-08-27,https://apply.workable.com/trexquant/j/A634E0E3F4/?utm_source=Simplify&ref=Simplify,On-site,"Stamford, CT",Trexquant,2026,2025-2026,Quantitative Finance,100-1000,,New graduate position
College Graduates - Full-Time - Junior Quantitative Trader,2025-08-27,https://www.oldmissioncapital.com/careers/?gh_jid=6602928003&utm_source=Simplify&ref=Simplify,On-site,"London, UK",Old Mission,2026,2025-2026,Quantitative Finance,100-1000,,New graduate position
Junior Quantitative Developer & Strategist,2025-08-27,https://www.akunacapital.com/job-details?gh_jid=7063563&utm_source=Simplify&ref=Simplify,On-site,"Chicago, IL",Akuna Capital,2026,2025-2026,Quantitative Finance,100-1000,,New graduate position
Quantitative Research Analyst – University Graduate,2025-08-27,https://www.citadelsecurities.com/careers/details/quantitative-research-analyst-university-graduate-europe/?utm_source=Simplify&ref=Simplify,On-site,"London, UK Paris, France Dublin, Ireland",Citadel Securities,2026,2025-2026,Quantitative Finance,100-1000,,New graduate position
Quantitative Research Analyst – University Graduate,2025-08-27,https://www.citadel.com/careers/details/quantitative-research-analyst-university-graduate-europe/?utm_source=Simplify&ref=Simplify,On-site,"London, UK Paris, France Dublin, Ireland",Citadel,2026,2025-2026,Quantitative Finance,100-1000,,New graduate position
Quantitative Research Analyst – University Graduate,2025-08-27,https://www.citadelsecurities.com/careers/details/quantitative-research-analyst-university-graduate-us/?utm_source=Simplify&ref=Simplify,On-site,"Miami, FL New York, NY",Citadel Securities,2026,2025-2026,Quantitative Finance,100-1000,,New graduate position
Quantitative Research Engineer – University Graduate,2025-08-27,https://www.citadel.com/careers/details/quantitative-research-engineer-university-graduate-us/?utm_source=Simplify&ref=Simplify,On-site,"Miami, FL New York, NY",Citadel,2026,2025-2026,Data Science,100-1000,,New graduate position
Junior Quantitative Researcher,2025-08-27,Closed,On-site,"Chicago, IL",Akuna Capital,2026,2025-2026,Quantitative Finance,100-1000,,New graduate position
New Grad – Software Engineering,2025-08-27,https://www.samsara.com/company/careers/roles/7172579?gh_jid=7172579&utm_source=Simplify&ref=Simplify,On-site,SF,Samsara,2026,2025-2026,Software Engineering,100-1000,,New graduate position
Software Engineer – Early Career - PhD - Embedded Systems and Firmware,2025-08-27,https://www.google.com/about/careers/applications/jobs/results/96957711316329158?utm_source=Simplify&ref=Simplify,Multiple Locations,"9 locations Seattle, WA LA Raleigh, NC Durham, NC Kirkland, WA NYC Sunnyvale, CA Mountain View, CA Atlanta, GA",Google,2026,2025-2026,Hardware Engineering,10000+,,New graduate position - Advanced degree required
Optical Network Embedded Software Engineer – New Grad,2025-08-27,https://ciena.wd5.myworkdayjobs.com/Careers/job/Ottawa/Optical-Network-Embedded-Software-Engineer---New-Grad_R028715?utm_source=Simplify&ref=Simplify,On-site,"Ottawa, ON, Canada",Ciena,2026,2025-2026,Hardware Engineering,100-1000,,New graduate position
Autonomy Systems Engineer I,2025-08-27,https://blueorigin.wd5.myworkdayjobs.com/en-US/BlueOrigin/job/Seattle-WA/Autonomy-Systems-Engineer-I---Early-Career_R54558-1?utm_source=Simplify&ref=Simplify,On-site,"Seattle, WA",Blue Origin,2026,2025-2026,Hardware Engineering,100-1000,,New graduate position
Mechanical/Hardware Engineer I Graduate,2025-08-27,https://hpe.wd5.myworkdayjobs.com/Jobsathpe/job/Chippewa-Falls-Wisconsin-United-States-of-America/Mechanical-Hardware-Engineer-I-Graduate_1192929-1?utm_source=Simplify&ref=Simplify,On-site,"Eau Claire, WI",Hewlett Packard Enterprise,2026,2025-2026,Hardware Engineering,100-1000,,New graduate position
Entry Level Embedded Software Engineer-Ship Control,2025-08-27,https://careers-gdeb.icims.com/jobs/15852/job?utm_source=Simplify&ref=Simplify,On-site,"Groton, CT",Electric Boat,2026,2025-2026,Hardware Engineering,100-1000,,New graduate position
Electrical/Hardware Engineer I,2025-08-27,https://hpe.wd5.myworkdayjobs.com/Jobsathpe/job/Houston-Texas-United-States-of-America/Electrical-Hardware-Engineer-I_1192941-1?utm_source=Simplify&ref=Simplify,On-site,"Houston, TX",Hewlett Packard Enterprise,2026,2025-2026,Hardware Engineering,100-1000,,New graduate position
Software Developer – Entry Level,2025-08-27,https://careers-sev1tech.icims.com/jobs/9092/job?utm_source=Simplify&ref=Simplify,On-site,"Lawton, OK",Sev1Tech,2026,2025-2026,Software Engineering,100-1000,,New graduate position
Software Engineer I,2025-08-27,https://kbr.wd5.myworkdayjobs.com/KBR_Careers/job/Colorado-Springs-Colorado/Software-Engineer-I_R2110482?utm_source=Simplify&ref=Simplify,On-site,"Colorado Springs, CO",KBR,2026,2025-2026,Software Engineering,100-1000,,New graduate position
"Robotics Systems Engineer, Amazon Robotics Deployment Engineering",2025-08-27,https://www.amazon.jobs/en/jobs/3054843/robotics-systems-engineer-amazon-robotics-deployment-engineering?utm_source=Simplify&ref=Simplify,On-site,"Austin, TX Seattle, WA North Reading, MA",Amazon,2026,2025-2026,Hardware Engineering,10000+,,New graduate position
Avionics Software Engineer 1 – Early Career 2025 University Grad,2025-08-27,https://blueorigin.wd5.myworkdayjobs.com/blueorigin/job/Seattle-WA/Avionics-Software-Engineer-1---Early-Career-2025-University-Grad_R54112?utm_source=Simplify&ref=Simplify,On-site,"Kent, WA Huntsville, AL",Blue Origin,2026,2025-2026,Software Engineering,100-1000,,New graduate position
Software Engineer I,2025-08-27,https://bdx.wd1.myworkdayjobs.com/en-US/EXTERNAL_CAREER_SITE_USA/job/USA-MD---Sparks---7-Loveton-Circle/Software-Engineer-I----Hybrid-_R-523411-1?utm_source=Simplify&ref=Simplify,On-site,"Sparks, MD","Becton, Dickinson and Company",2026,2025-2026,Software Engineering,100-1000,,New graduate position
Embedded Software Engineer - New Grad,2025-08-27,https://job-boards.greenhouse.io/appliedintuition/jobs/4592027005?utm_source=Simplify&ref=Simplify,On-site,"Mountain View, CA",Applied Intuition,2026,2025-2026,Hardware Engineering,100-1000,,New graduate position
"Air Dominance & Strike - Flight Software Engineer, Embedded C/C++",2025-08-27,https://job-boards.greenhouse.io/andurilindustries/jobs/4164476007?gh_jid=4164476007&gh_src=&utm_source=Simplify&ref=Simplify,On-site,"Costa Mesa, CA",Anduril Industries,2026,2025-2026,Hardware Engineering,100-1000,,New graduate position
Embedded Systems Engineer,2025-08-27,https://jobs.lever.co/lumafield/0bdaed8e-3234-4073-afa6-410d1362fe25?utm_source=Simplify&ref=Simplify,On-site,"Boston, MA Everett, MA",Lumafield,2026,2025-2026,Hardware Engineering,100-1000,,New graduate position
Software Developer – Entry level,2025-08-27,https://leidos.wd5.myworkdayjobs.com/External/job/Fort-Sill-OK/Software-Developer---Entry-level_R-00164213?utm_source=Simplify&ref=Simplify,On-site,"Lawton, OK",Leidos,2026,2025-2026,Software Engineering,100-1000,,New graduate position
Intern Conversion: – Early Career - Avionics Software Engineer I,2025-08-27,https://blueorigin.wd5.myworkdayjobs.com/blueorigin/job/Seattle-WA/Intern-Conversion---Early-Career--Avionics-Software-Engineer-I_R54003?utm_source=Simplify&ref=Simplify,Multiple Locations,"8 locations Seattle, WA Washington, DC LA Cape Canaveral, FL Phoenix, AZ Denver, CO Huntsville, AL Van Horn, TX",Blue Origin,2026,2025-2026,Software Engineering,100-1000,,New graduate position position
Entry Level DSP Software Engineer,2025-08-27,https://caci.wd1.myworkdayjobs.com/External/job/US-NY-Rochester/Entry-Level-DSP-Software-Engineer_314488-1?utm_source=Simplify&ref=Simplify,On-site,"Rochester, NY",CACI,2026,2025-2026,Software Engineering,100-1000,,New graduate position
C++ Software Engineer – New College Grad,2025-08-27,https://cadence.wd1.myworkdayjobs.com/en-US/External_Careers/job/Burlington-MA/C---Software-Engineer--New-College-Grad--Burlington--MA---Greater-Boston-_R50666?utm_source=Simplify&ref=Simplify,On-site,"Burlington, MA",Cadence Design Systems,2026,2025-2026,Software Engineering,100-1000,,New graduate position
Silicon Development Engineer – University Graduate - Frontend - PhD,2025-08-27,https://www.google.com/about/careers/applications/jobs/results/108642933007098566?utm_source=Simplify&ref=Simplify,On-site,"Madison, WI Sunnyvale, CA",Google,2026,2025-2026,Software Engineering,10000+,,New graduate position - Advanced degree required
Entry Level Software Engineer - Developer,2025-08-27,Closed,On-site,"Oklahoma City, OK",The Boeing Company,2026,2025-2026,Software Engineering,100-1000,,New graduate position
New Grad: Wavelogic Software Development,2025-08-27,Closed,On-site,"Ottawa, ON, Canada",Ciena,2026,2025-2026,Other,100-1000,,New graduate position
Software Engineer I - Embedded Communications,2025-08-27,Closed,On-site,"Fort Wayne, IN",RTX,2026,2025-2026,Hardware Engineering,100-1000,,New graduate position
Embedded Cybersecurity Software Engineer I,2025-08-27,Closed,On-site,"Cedar Rapids, IA",RTX,2026,2025-2026,Hardware Engineering,100-1000,,New graduate position
C++ Software Engineer – New College Graduate,2025-08-27,Closed,On-site,"Boston, MA",Cadence Design Systems,2026,2025-2026,Software Engineering,100-1000,,New graduate position
Hardware Engineer 1,2025-08-27,Closed,On-site,"Westborough, MA",Dell Technologies,2026,2025-2026,Hardware Engineering,100-1000,,New graduate position
C++ Software Engineer – New College Graduate,2025-08-27,Closed,On-site,"Boston, MA",Cadence Design Systems,2026,2025-2026,Software Engineering,100-1000,,New graduate position
Software Engineer I,2025-08-27,Closed,On-site,"Tempe, AZ",Iridium Communications,2026,2025-2026,Software Engineering,100-1000,,New graduate position
Entry Level Software Engineer,2025-08-27,Closed,On-site,"Hazelwood, MO",The Boeing Company,2026,2025-2026,Software Engineering,100-1000,,New graduate position
Software Engineer I - Embedded Communications,2025-08-27,Closed,On-site,"Cedar Rapids, IA",RTX,2026,2025-2026,Hardware Engineering,100-1000,,New graduate position
C++ Software Engineer – New College Grad,2025-08-27,Closed,On-site,"Burlington, MA",Cadence Design Systems,2026,2025-2026,Software Engineering,100-1000,,New graduate position
Hardware Engineer I,2025-08-27,Closed,On-site,"Lafayette, CO",Medtronic,2026,2025-2026,Hardware Engineering,100-1000,,New graduate position
Software Engineer I - C++,2025-08-27,Closed,On-site,"Fulton, MD",RTX,2026,2025-2026,Software Engineering,100-1000,,New graduate position
Systems Security Engineer I,2025-08-27,https://snc.wd1.myworkdayjobs.com/snc_external_career_site/job/Lone-Tree-CO/Systems-Security-Engineer-I_R0028118?utm_source=Simplify&ref=Simplify,On-site,"Lone Tree, CO",Sierra Nevada Coporation,2026,2025-2026,Other,100-1000,,New graduate position
Cybersecurity Engineer I,2025-08-27,https://travelers.wd5.myworkdayjobs.com/External/job/CT---Hartford/Cybersecurity-Engineer-I_R-46472?utm_source=Simplify&ref=Simplify,On-site,"Hartford, CT St Paul, MN",The Travelers Companies,2026,2025-2026,Other,100-1000,,New graduate position
Associate Value Engineer (Management Consulting for AI Implementation),2025-08-27,https://job-boards.greenhouse.io/celonis/jobs/6691703003?utm_source=Simplify&ref=Simplify,On-site,"New York, NY",Celonis,2026,2025-2026,Data Science,100-1000,,New graduate position
Cybersecurity Engineer I,2025-08-27,https://snc.wd1.myworkdayjobs.com/snc_external_career_site/job/Sparks-NV/Cybersecurity-Engineer-I_R0027494?utm_source=Simplify&ref=Simplify,On-site,"Sparks, NV",Sierra Nevada Coporation,2026,2025-2026,Other,100-1000,,New graduate position
Special Project Strategist Graduate (TikTok Shop - Operations),2025-08-27,https://lifeattiktok.com/search/7538571931517159698?utm_source=Simplify&ref=Simplify,On-site,"San Jose, CA",TikTok,2026,2025-2026,Other,10000+,,New graduate position
Cloud Network Engineer Graduate(Physical Network Infra),2025-08-27,https://joinbytedance.com/search/7538114876280817927?utm_source=Simplify&ref=Simplify,On-site,"San Jose, CA",ByteDance,2026,2025-2026,Other,10000+,,New graduate position
Product Security Engineer,2025-08-27,https://job-boards.greenhouse.io/chime/jobs/8101747002?utm_source=Simplify&ref=Simplify,On-site,"San Francisco, CA",Chime,2026,2025-2026,Other,100-1000,,New graduate position
Network Engineer Graduate (Edge Network) - 2026 Start (BS/ MS),2025-08-27,https://joinbytedance.com/search/7537121677185534216?utm_source=Simplify&ref=Simplify,On-site,"San Jose, CA",ByteDance,2026,2025-2026,Other,10000+,,New graduate position
Product Security Engineer - Security Assurance,2025-08-27,https://lifeattiktok.com/search/7533712518582503687?spread=5MWH5CQ&utm_source=Simplify&ref=Simplify,On-site,"Seattle, WA",TikTok,2026,2025-2026,Other,10000+,,New graduate position
New Analyst,2025-08-27,https://higher.gs.com/roles/150845?utm_source=Simplify&ref=Simplify,On-site,"New York, NY",Goldman Sachs,2026,2025-2026,Other,10000+,,New graduate position
Software Engineer,2025-08-27,Closed,On-site,"Schaumburg, IL Chicago, IL",Motorola Solutions,2026,2025-2026,Software Engineering,100-1000,,New graduate position
